name,tags,time,current_status,current_stop_sequence,data,id,occupancy_status,revenue,route,stop,trip
delay,,1733426418000000000,STOPPED_AT,2,0,y1720,FEW_SEATS_AVAILABLE,REVENUE,23,367,64462894
delay,,1733426660000000000,IN_TRANSIT_TO,7,0,y1720,FEW_SEATS_AVAILABLE,REVENUE,23,460,64462894
delay,,1733426901000000000,STOPPED_AT,11,0,y1720,MANY_SEATS_AVAILABLE,REVENUE,23,467,64462894
delay,,1733427143000000000,IN_TRANSIT_TO,15,0,y1720,FEW_SEATS_AVAILABLE,REVENUE,23,386,64462894
delay,,1733427385000000000,IN_TRANSIT_TO,19,0,y1720,MANY_SEATS_AVAILABLE,REVENUE,23,392,64462894
delay,,1733427626000000000,IN_TRANSIT_TO,25,0,y1720,MANY_SEATS_AVAILABLE,REVENUE,23,64000,64462894
delay,,1733427868000000000,STOPPED_AT,29,0,y1720,MANY_SEATS_AVAILABLE,REVENUE,23,21148,64462894
delay,,1733428110000000000,IN_TRANSIT_TO,31,0,y1720,MANY_SEATS_AVAILABLE,REVENUE,23,17861,64462894
delay,,1733428351000000000,STOPPED_AT,1,0,y1720,MANY_SEATS_AVAILABLE,REVENUE,23,17862,64464392
delay,,1733428593000000000,STOPPED_AT,1,0,y1720,MANY_SEATS_AVAILABLE,REVENUE,23,17862,64464392
delay,,1733428835000000000,STOPPED_AT,1,0,y1720,MANY_SEATS_AVAILABLE,REVENUE,23,17862,64464392
delay,,1733429076000000000,IN_TRANSIT_TO,2,0,y1720,MANY_SEATS_AVAILABLE,REVENUE,23,11257,64464392
delay,,1733429318000000000,STOPPED_AT,2,0,y1720,MANY_SEATS_AVAILABLE,REVENUE,23,11257,64464392
delay,,1733429560000000000,IN_TRANSIT_TO,6,6,y1720,MANY_SEATS_AVAILABLE,REVENUE,23,64000,64464392
delay,,1733429801000000000,IN_TRANSIT_TO,7,250,y1720,MANY_SEATS_AVAILABLE,REVENUE,23,40001,64464392
delay,,1733430526000000000,IN_TRANSIT_TO,16,271,y1720,MANY_SEATS_AVAILABLE,REVENUE,23,471,64464392
delay,,1733430768000000000,IN_TRANSIT_TO,19,342,y1720,MANY_SEATS_AVAILABLE,REVENUE,23,475,64464392
delay,,1733431009000000000,IN_TRANSIT_TO,23,354,y1720,MANY_SEATS_AVAILABLE,REVENUE,23,482,64464392
delay,,1733431251000000000,STOPPED_AT,26,442,y1720,MANY_SEATS_AVAILABLE,REVENUE,23,426,64464392
delay,,1733431493000000000,IN_TRANSIT_TO,2,145,y1720,MANY_SEATS_AVAILABLE,REVENUE,23,367,64462904
delay,,1733431734000000000,STOPPED_AT,4,205,y1720,MANY_SEATS_AVAILABLE,REVENUE,23,371,64462904
delay,,1733431976000000000,IN_TRANSIT_TO,9,222,y1720,MANY_SEATS_AVAILABLE,REVENUE,23,463,64462904
delay,,1733432459000000000,STOPPED_AT,15,275,y1720,MANY_SEATS_AVAILABLE,REVENUE,23,386,64462904
delay,,1733432701000000000,STOPPED_AT,24,105,y1720,MANY_SEATS_AVAILABLE,REVENUE,23,21151,64462904
delay,,1733432943000000000,IN_TRANSIT_TO,26,252,y1720,MANY_SEATS_AVAILABLE,REVENUE,23,1148,64462904
delay,,1733433184000000000,STOPPED_AT,1,0,y1720,MANY_SEATS_AVAILABLE,REVENUE,23,17862,64464409
delay,,1733433426000000000,IN_TRANSIT_TO,2,0,y1720,MANY_SEATS_AVAILABLE,REVENUE,23,11257,64464409
delay,,1733433668000000000,IN_TRANSIT_TO,2,0,y1720,MANY_SEATS_AVAILABLE,REVENUE,23,11257,64464409
delay,,1733433909000000000,IN_TRANSIT_TO,6,84,y1720,MANY_SEATS_AVAILABLE,REVENUE,23,64000,64464409
delay,,1733434151000000000,IN_TRANSIT_TO,7,209,y1720,MANY_SEATS_AVAILABLE,REVENUE,23,40001,64464409
delay,,1733434392000000000,IN_TRANSIT_TO,10,281,y1720,MANY_SEATS_AVAILABLE,REVENUE,23,405,64464409
delay,,1733434876000000000,IN_TRANSIT_TO,20,187,y1720,MANY_SEATS_AVAILABLE,REVENUE,23,477,64464409
delay,,1733435118000000000,STOPPED_AT,25,181,y1720,MANY_SEATS_AVAILABLE,REVENUE,23,485,64464409
delay,,1733435601000000000,IN_TRANSIT_TO,4,0,y1720,MANY_SEATS_AVAILABLE,REVENUE,23,371,64462910
delay,,1733435842000000000,IN_TRANSIT_TO,9,0,y1720,MANY_SEATS_AVAILABLE,REVENUE,23,463,64462910
delay,,1733436084000000000,STOPPED_AT,14,0,y1720,MANY_SEATS_AVAILABLE,REVENUE,23,470,64462910
delay,,1733436327000000000,IN_TRANSIT_TO,19,70,y1920,MANY_SEATS_AVAILABLE,REVENUE,23,475,64464411
delay,,1733436810000000000,STOPPED_AT,28,73,y1920,MANY_SEATS_AVAILABLE,REVENUE,23,430,64464411
delay,,1733437052000000000,STOPPED_AT,1,0,y1920,MANY_SEATS_AVAILABLE,REVENUE,23,334,64462915
delay,,1733437293000000000,STOPPED_AT,1,0,y1920,MANY_SEATS_AVAILABLE,REVENUE,23,334,64462915
delay,,1733437535000000000,STOPPED_AT,1,0,y1920,MANY_SEATS_AVAILABLE,REVENUE,23,334,64462915
delay,,1733437777000000000,STOPPED_AT,5,0,y1920,MANY_SEATS_AVAILABLE,REVENUE,23,457,64462915
delay,,1733438018000000000,IN_TRANSIT_TO,13,0,y1920,MANY_SEATS_AVAILABLE,REVENUE,23,469,64462915
delay,,1733438260000000000,IN_TRANSIT_TO,18,0,y1920,MANY_SEATS_AVAILABLE,REVENUE,23,390,64462915
delay,,1733438501000000000,IN_TRANSIT_TO,25,0,y1920,MANY_SEATS_AVAILABLE,REVENUE,23,64000,64462915
delay,,1733438743000000000,STOPPED_AT,29,0,y1920,MANY_SEATS_AVAILABLE,REVENUE,23,21148,64462915
delay,,1733438985000000000,IN_TRANSIT_TO,31,0,y1920,MANY_SEATS_AVAILABLE,REVENUE,23,17861,64462915
delay,,1733439469000000000,STOPPED_AT,1,0,y1890,MANY_SEATS_AVAILABLE,REVENUE,23,334,64462920
delay,,1733439711000000000,STOPPED_AT,1,0,y1890,MANY_SEATS_AVAILABLE,REVENUE,23,334,64462920
delay,,1733439952000000000,STOPPED_AT,1,0,y1890,MANY_SEATS_AVAILABLE,REVENUE,23,334,64462920
delay,,1733440194000000000,IN_TRANSIT_TO,6,0,y1890,MANY_SEATS_AVAILABLE,REVENUE,23,458,64462920
delay,,1733440435000000000,IN_TRANSIT_TO,12,0,y1890,MANY_SEATS_AVAILABLE,REVENUE,23,473,64462920
delay,,1733440677000000000,IN_TRANSIT_TO,17,0,y1890,MANY_SEATS_AVAILABLE,REVENUE,23,388,64462920
delay,,1733440919000000000,STOPPED_AT,24,0,y1890,MANY_SEATS_AVAILABLE,REVENUE,23,21151,64462920
delay,,1733441160000000000,IN_TRANSIT_TO,31,0,y1890,MANY_SEATS_AVAILABLE,REVENUE,23,17861,64462920
delay,,1733441402000000000,STOPPED_AT,1,0,y1890,MANY_SEATS_AVAILABLE,REVENUE,23,17862,64464444
delay,,1733441644000000000,STOPPED_AT,1,0,y1890,MANY_SEATS_AVAILABLE,REVENUE,23,17862,64464444
delay,,1733441885000000000,IN_TRANSIT_TO,2,32,y1890,FEW_SEATS_AVAILABLE,REVENUE,23,11257,64464444
delay,,1733442127000000000,IN_TRANSIT_TO,2,72,y1890,FEW_SEATS_AVAILABLE,REVENUE,23,11257,64464444
delay,,1733442369000000000,IN_TRANSIT_TO,6,153,y1890,FEW_SEATS_AVAILABLE,REVENUE,23,64000,64464444
delay,,1733442610000000000,IN_TRANSIT_TO,7,285,y1890,FEW_SEATS_AVAILABLE,REVENUE,23,40001,64464444
delay,,1733442852000000000,IN_TRANSIT_TO,10,344,y1890,FEW_SEATS_AVAILABLE,REVENUE,23,405,64464444
delay,,1733443094000000000,IN_TRANSIT_TO,16,326,y1890,FEW_SEATS_AVAILABLE,REVENUE,23,471,64464444
delay,,1733443335000000000,STOPPED_AT,19,422,y1890,MANY_SEATS_AVAILABLE,REVENUE,23,475,64464444
delay,,1733443819000000000,IN_TRANSIT_TO,29,468,y1890,MANY_SEATS_AVAILABLE,REVENUE,23,334,64464444
delay,,1733444060000000000,STOPPED_AT,5,193,y1890,MANY_SEATS_AVAILABLE,REVENUE,23,457,64462917
delay,,1733444302000000000,IN_TRANSIT_TO,11,198,y1890,MANY_SEATS_AVAILABLE,REVENUE,23,467,64462917
delay,,1733444543000000000,STOPPED_AT,16,124,y1890,MANY_SEATS_AVAILABLE,REVENUE,23,387,64462917
delay,,1733444785000000000,IN_TRANSIT_TO,25,32,y1890,MANY_SEATS_AVAILABLE,REVENUE,23,64000,64462917
delay,,1733445027000000000,IN_TRANSIT_TO,30,84,y1890,MANY_SEATS_AVAILABLE,REVENUE,23,1224,64462917
delay,,1733445268000000000,STOPPED_AT,1,0,y1890,MANY_SEATS_AVAILABLE,REVENUE,23,17862,64464453
delay,,1733445510000000000,IN_TRANSIT_TO,2,5,y1890,MANY_SEATS_AVAILABLE,REVENUE,23,11257,64464453
delay,,1733445752000000000,STOPPED_AT,6,0,y1890,MANY_SEATS_AVAILABLE,REVENUE,23,64000,64464453
delay,,1733445993000000000,IN_TRANSIT_TO,9,27,y1890,MANY_SEATS_AVAILABLE,REVENUE,23,404,64464453
delay,,1733446235000000000,IN_TRANSIT_TO,18,0,y1890,MANY_SEATS_AVAILABLE,REVENUE,23,468,64464453
delay,,1733446476000000000,STOPPED_AT,23,0,y1890,MANY_SEATS_AVAILABLE,REVENUE,23,482,64464453
delay,,1733446718000000000,IN_TRANSIT_TO,29,0,y1890,MANY_SEATS_AVAILABLE,REVENUE,23,334,64464453
delay,,1733446960000000000,STOPPED_AT,1,0,y1890,MANY_SEATS_AVAILABLE,REVENUE,23,334,64462929
delay,,1733447201000000000,STOPPED_AT,1,0,y1890,MANY_SEATS_AVAILABLE,REVENUE,23,334,64462929
delay,,1733447443000000000,STOPPED_AT,1,175,y1890,MANY_SEATS_AVAILABLE,REVENUE,23,334,64462929
delay,,1733447685000000000,STOPPED_AT,1,440,y1890,MANY_SEATS_AVAILABLE,REVENUE,23,334,64462929
delay,,1733447926000000000,STOPPED_AT,1,665,y1890,MANY_SEATS_AVAILABLE,REVENUE,23,334,64462929
delay,,1733448168000000000,STOPPED_AT,1,910,y1890,MANY_SEATS_AVAILABLE,REVENUE,23,334,64462929
delay,,1733448410000000000,STOPPED_AT,1,614,y1829,MANY_SEATS_AVAILABLE,REVENUE,23,17862,64464462
delay,,1733448652000000000,STOPPED_AT,1,794,y1829,MANY_SEATS_AVAILABLE,REVENUE,23,17862,64464462
delay,,1733448894000000000,STOPPED_AT,1,1098,y1829,MANY_SEATS_AVAILABLE,REVENUE,23,17862,64464462
delay,,1733449135000000000,IN_TRANSIT_TO,2,1327,y1829,MANY_SEATS_AVAILABLE,REVENUE,23,11257,64464462
delay,,1733449377000000000,IN_TRANSIT_TO,6,1263,y1829,MANY_SEATS_AVAILABLE,REVENUE,23,64000,64464462
delay,,1733449619000000000,IN_TRANSIT_TO,7,1382,y1829,MANY_SEATS_AVAILABLE,REVENUE,23,40001,64464462
delay,,1733450102000000000,IN_TRANSIT_TO,16,1396,y1829,MANY_SEATS_AVAILABLE,REVENUE,23,471,64464462
delay,,1733450344000000000,IN_TRANSIT_TO,19,1506,y1829,MANY_SEATS_AVAILABLE,REVENUE,23,475,64464462
delay,,1733859117000000000,IN_TRANSIT_TO,16,337,y1906,MANY_SEATS_AVAILABLE,REVENUE,23,471,64464378
delay,,1733859130000000000,IN_TRANSIT_TO,16,397,y1906,MANY_SEATS_AVAILABLE,REVENUE,23,471,64464378
delay,,1733860931000000000,IN_TRANSIT_TO,5,68,y1906,FEW_SEATS_AVAILABLE,REVENUE,23,457,64462900
delay,,1733861417000000000,STOPPED_AT,14,72,y1906,MANY_SEATS_AVAILABLE,REVENUE,23,470,64462900
delay,,1733861538000000000,IN_TRANSIT_TO,18,0,y1906,MANY_SEATS_AVAILABLE,REVENUE,23,390,64462900
delay,,1733861660000000000,STOPPED_AT,19,0,y1906,MANY_SEATS_AVAILABLE,REVENUE,23,392,64462900
delay,,1733862024000000000,IN_TRANSIT_TO,25,63,y1906,MANY_SEATS_AVAILABLE,REVENUE,23,64000,64462900
delay,,1733862476000000000,STOPPED_AT,17,242,y1832,FEW_SEATS_AVAILABLE,REVENUE,23,472,64464392
delay,,1733862719000000000,IN_TRANSIT_TO,22,118,y1832,FEW_SEATS_AVAILABLE,REVENUE,23,480,64464392
delay,,1733862962000000000,IN_TRANSIT_TO,26,196,y1832,MANY_SEATS_AVAILABLE,REVENUE,23,426,64464392
delay,,1733863205000000000,STOPPED_AT,1,0,y1832,MANY_SEATS_AVAILABLE,REVENUE,23,334,64462904
delay,,1733863327000000000,IN_TRANSIT_TO,2,0,y1832,MANY_SEATS_AVAILABLE,REVENUE,23,367,64462904
delay,,1733863448000000000,IN_TRANSIT_TO,3,25,y1832,MANY_SEATS_AVAILABLE,REVENUE,23,369,64462904
delay,,1733863570000000000,IN_TRANSIT_TO,5,21,y1832,MANY_SEATS_AVAILABLE,REVENUE,23,457,64462904
delay,,1733863691000000000,IN_TRANSIT_TO,7,61,y1832,MANY_SEATS_AVAILABLE,REVENUE,23,460,64462904
delay,,1733863813000000000,STOPPED_AT,9,60,y1832,MANY_SEATS_AVAILABLE,REVENUE,23,463,64462904
delay,,1733863934000000000,STOPPED_AT,11,0,y1832,MANY_SEATS_AVAILABLE,REVENUE,23,467,64462904
delay,,1733864056000000000,STOPPED_AT,14,0,y1832,MANY_SEATS_AVAILABLE,REVENUE,23,470,64462904
delay,,1733864177000000000,STOPPED_AT,16,0,y1832,MANY_SEATS_AVAILABLE,REVENUE,23,387,64462904
delay,,1733864299000000000,STOPPED_AT,19,0,y1832,MANY_SEATS_AVAILABLE,REVENUE,23,392,64462904
delay,,1733864420000000000,IN_TRANSIT_TO,22,0,y1832,MANY_SEATS_AVAILABLE,REVENUE,23,395,64462904
delay,,1733864663000000000,IN_TRANSIT_TO,26,26,y1832,MANY_SEATS_AVAILABLE,REVENUE,23,1148,64462904
delay,,1733864785000000000,STOPPED_AT,27,11,y1832,MANY_SEATS_AVAILABLE,REVENUE,23,11149,64462904
delay,,1733864906000000000,IN_TRANSIT_TO,30,25,y1832,MANY_SEATS_AVAILABLE,REVENUE,23,1224,64462904
delay,,1733865028000000000,IN_TRANSIT_TO,31,84,y1832,MANY_SEATS_AVAILABLE,REVENUE,23,17861,64462904
delay,,1733865149000000000,STOPPED_AT,1,0,y1832,MANY_SEATS_AVAILABLE,REVENUE,23,17862,64464409
delay,,1733865271000000000,STOPPED_AT,1,0,y1832,MANY_SEATS_AVAILABLE,REVENUE,23,17862,64464409
delay,,1733865518000000000,IN_TRANSIT_TO,2,0,y1832,FEW_SEATS_AVAILABLE,REVENUE,23,11257,64464409
delay,,1733865639000000000,STOPPED_AT,2,22,y1832,FEW_SEATS_AVAILABLE,REVENUE,23,11257,64464409
delay,,1733865882000000000,STOPPED_AT,6,18,y1832,FEW_SEATS_AVAILABLE,REVENUE,23,64000,64464409
delay,,1733866004000000000,IN_TRANSIT_TO,7,133,y1832,FULL,REVENUE,23,40001,64464409
delay,,1733866368000000000,STOPPED_AT,12,194,y1832,FULL,REVENUE,23,407,64464409
delay,,1733866490000000000,STOPPED_AT,14,155,y1832,FULL,REVENUE,23,411,64464409
delay,,1733866611000000000,IN_TRANSIT_TO,16,192,y1832,FULL,REVENUE,23,471,64464409
delay,,1733866733000000000,IN_TRANSIT_TO,18,215,y1832,FULL,REVENUE,23,468,64464409
delay,,1733866854000000000,IN_TRANSIT_TO,19,251,y1832,FULL,REVENUE,23,475,64464409
delay,,1733866976000000000,STOPPED_AT,21,219,y1832,FEW_SEATS_AVAILABLE,REVENUE,23,478,64464409
delay,,1733867219000000000,IN_TRANSIT_TO,26,245,y1832,FEW_SEATS_AVAILABLE,REVENUE,23,426,64464409
delay,,1733867340000000000,STOPPED_AT,1,0,y1832,FEW_SEATS_AVAILABLE,REVENUE,23,334,64462910
delay,,1733867462000000000,STOPPED_AT,1,0,y1832,FEW_SEATS_AVAILABLE,REVENUE,23,334,64462910
delay,,1733867583000000000,STOPPED_AT,1,0,y1832,FEW_SEATS_AVAILABLE,REVENUE,23,334,64462910
delay,,1733867705000000000,STOPPED_AT,3,0,y1832,MANY_SEATS_AVAILABLE,REVENUE,23,369,64462910
delay,,1733867826000000000,STOPPED_AT,6,0,y1832,MANY_SEATS_AVAILABLE,REVENUE,23,458,64462910
delay,,1733867948000000000,STOPPED_AT,9,0,y1832,MANY_SEATS_AVAILABLE,REVENUE,23,463,64462910
delay,,1733868069000000000,STOPPED_AT,12,0,y1832,MANY_SEATS_AVAILABLE,REVENUE,23,473,64462910
delay,,1733868191000000000,IN_TRANSIT_TO,16,0,y1832,MANY_SEATS_AVAILABLE,REVENUE,23,387,64462910
delay,,1733868312000000000,STOPPED_AT,19,0,y1832,MANY_SEATS_AVAILABLE,REVENUE,23,392,64462910
delay,,1733868434000000000,STOPPED_AT,22,0,y1832,MANY_SEATS_AVAILABLE,REVENUE,23,395,64462910
delay,,1733868555000000000,STOPPED_AT,25,0,y1832,MANY_SEATS_AVAILABLE,REVENUE,23,64000,64462910
delay,,1733868677000000000,IN_TRANSIT_TO,26,0,y1832,MANY_SEATS_AVAILABLE,REVENUE,23,1148,64462910
delay,,1733868798000000000,STOPPED_AT,30,0,y1832,MANY_SEATS_AVAILABLE,REVENUE,23,1224,64462910
delay,,1733868921000000000,STOPPED_AT,1,0,y1906,MANY_SEATS_AVAILABLE,REVENUE,23,334,64462915
delay,,1733869042000000000,STOPPED_AT,1,0,y1906,MANY_SEATS_AVAILABLE,REVENUE,23,334,64462915
delay,,1733869164000000000,STOPPED_AT,1,0,y1906,MANY_SEATS_AVAILABLE,REVENUE,23,334,64462915
delay,,1733869285000000000,STOPPED_AT,1,0,y1906,MANY_SEATS_AVAILABLE,REVENUE,23,334,64462915
delay,,1733869407000000000,STOPPED_AT,1,0,y1906,MANY_SEATS_AVAILABLE,REVENUE,23,334,64462915
delay,,1733869528000000000,STOPPED_AT,1,0,y1906,MANY_SEATS_AVAILABLE,REVENUE,23,334,64462915
delay,,1733869650000000000,STOPPED_AT,2,0,y1906,MANY_SEATS_AVAILABLE,REVENUE,23,367,64462915
delay,,1733869771000000000,STOPPED_AT,5,0,y1906,MANY_SEATS_AVAILABLE,REVENUE,23,457,64462915
delay,,1733869893000000000,IN_TRANSIT_TO,7,0,y1906,MANY_SEATS_AVAILABLE,REVENUE,23,460,64462915
delay,,1733870014000000000,STOPPED_AT,9,0,y1906,MANY_SEATS_AVAILABLE,REVENUE,23,463,64462915
delay,,1733870257000000000,IN_TRANSIT_TO,15,0,y1906,MANY_SEATS_AVAILABLE,REVENUE,23,386,64462915
delay,,1733870379000000000,STOPPED_AT,18,0,y1906,MANY_SEATS_AVAILABLE,REVENUE,23,390,64462915
delay,,1733870500000000000,STOPPED_AT,21,0,y1906,MANY_SEATS_AVAILABLE,REVENUE,23,394,64462915
delay,,1733870622000000000,STOPPED_AT,23,0,y1906,MANY_SEATS_AVAILABLE,REVENUE,23,396,64462915
delay,,1733870743000000000,IN_TRANSIT_TO,25,0,y1906,MANY_SEATS_AVAILABLE,REVENUE,23,64000,64462915
delay,,1733870865000000000,IN_TRANSIT_TO,26,88,y1906,MANY_SEATS_AVAILABLE,REVENUE,23,1148,64462915
delay,,1733870986000000000,IN_TRANSIT_TO,30,57,y1906,MANY_SEATS_AVAILABLE,REVENUE,23,1224,64462915
delay,,1733871108000000000,IN_TRANSIT_TO,31,132,y1906,MANY_SEATS_AVAILABLE,REVENUE,23,17861,64462915
delay,,1733871230000000000,STOPPED_AT,1,0,y1871,MANY_SEATS_AVAILABLE,REVENUE,23,334,64462920
delay,,1733871352000000000,STOPPED_AT,1,0,y1871,MANY_SEATS_AVAILABLE,REVENUE,23,334,64462920
delay,,1733871473000000000,STOPPED_AT,1,0,y1871,MANY_SEATS_AVAILABLE,REVENUE,23,334,64462920
delay,,1733871595000000000,STOPPED_AT,1,0,y1871,MANY_SEATS_AVAILABLE,REVENUE,23,334,64462920
delay,,1733871716000000000,STOPPED_AT,1,0,y1871,MANY_SEATS_AVAILABLE,REVENUE,23,334,64462920
delay,,1733871838000000000,STOPPED_AT,1,0,y1871,MANY_SEATS_AVAILABLE,REVENUE,23,334,64462920
delay,,1733871959000000000,STOPPED_AT,1,0,y1871,MANY_SEATS_AVAILABLE,REVENUE,23,334,64462920
delay,,1733872081000000000,IN_TRANSIT_TO,2,4,y1871,MANY_SEATS_AVAILABLE,REVENUE,23,367,64462920
delay,,1733872202000000000,IN_TRANSIT_TO,4,6,y1871,MANY_SEATS_AVAILABLE,REVENUE,23,371,64462920
delay,,1733872324000000000,STOPPED_AT,6,0,y1871,MANY_SEATS_AVAILABLE,REVENUE,23,458,64462920
delay,,1733872445000000000,IN_TRANSIT_TO,9,6,y1871,MANY_SEATS_AVAILABLE,REVENUE,23,463,64462920
delay,,1733872567000000000,STOPPED_AT,11,50,y1871,MANY_SEATS_AVAILABLE,REVENUE,23,467,64462920
delay,,1733872688000000000,IN_TRANSIT_TO,15,0,y1871,MANY_SEATS_AVAILABLE,REVENUE,23,386,64462920
delay,,1733872810000000000,IN_TRANSIT_TO,18,0,y1871,MANY_SEATS_AVAILABLE,REVENUE,23,390,64462920
delay,,1733872931000000000,STOPPED_AT,22,0,y1871,MANY_SEATS_AVAILABLE,REVENUE,23,395,64462920
delay,,1733873053000000000,STOPPED_AT,25,0,y1871,MANY_SEATS_AVAILABLE,REVENUE,23,64000,64462920
delay,,1733873174000000000,IN_TRANSIT_TO,26,0,y1871,MANY_SEATS_AVAILABLE,REVENUE,23,1148,64462920
delay,,1733873417000000000,IN_TRANSIT_TO,31,117,y1871,MANY_SEATS_AVAILABLE,REVENUE,23,17861,64462920
delay,,1733873539000000000,IN_TRANSIT_TO,31,175,y1871,MANY_SEATS_AVAILABLE,REVENUE,23,17861,64462920
delay,,1733873660000000000,STOPPED_AT,1,0,y1871,MANY_SEATS_AVAILABLE,REVENUE,23,17862,64464444
delay,,1733873782000000000,STOPPED_AT,1,1,y1871,MANY_SEATS_AVAILABLE,REVENUE,23,17862,64464444
delay,,1733873903000000000,STOPPED_AT,1,142,y1871,MANY_SEATS_AVAILABLE,REVENUE,23,17862,64464444
delay,,1733874025000000000,IN_TRANSIT_TO,2,117,y1871,MANY_SEATS_AVAILABLE,REVENUE,23,11257,64464444
delay,,1733874147000000000,STOPPED_AT,22,0,y1863,MANY_SEATS_AVAILABLE,REVENUE,23,395,64462921
delay,,1733874269000000000,IN_TRANSIT_TO,25,0,y1863,MANY_SEATS_AVAILABLE,REVENUE,23,64000,64462921
delay,,1733874390000000000,IN_TRANSIT_TO,25,17,y1863,MANY_SEATS_AVAILABLE,REVENUE,23,64000,64462921
delay,,1733874512000000000,IN_TRANSIT_TO,26,153,y1863,MANY_SEATS_AVAILABLE,REVENUE,23,1148,64462921
delay,,1733874633000000000,STOPPED_AT,30,86,y1863,MANY_SEATS_AVAILABLE,REVENUE,23,1224,64462921
delay,,1733874755000000000,IN_TRANSIT_TO,31,188,y1863,MANY_SEATS_AVAILABLE,REVENUE,23,17861,64462921
delay,,1733874876000000000,STOPPED_AT,1,0,y1863,MANY_SEATS_AVAILABLE,REVENUE,23,17862,64464450
delay,,1733874998000000000,STOPPED_AT,1,21,y1863,MANY_SEATS_AVAILABLE,REVENUE,23,17862,64464450
delay,,1733875119000000000,IN_TRANSIT_TO,2,0,y1863,MANY_SEATS_AVAILABLE,REVENUE,23,11257,64464450
delay,,1733875241000000000,STOPPED_AT,3,0,y1863,FEW_SEATS_AVAILABLE,REVENUE,23,1259,64464450
delay,,1733875363000000000,IN_TRANSIT_TO,6,0,y1863,FEW_SEATS_AVAILABLE,REVENUE,23,64000,64464450
delay,,1733875484000000000,IN_TRANSIT_TO,7,47,y1863,FEW_SEATS_AVAILABLE,REVENUE,23,40001,64464450
delay,,1733875606000000000,IN_TRANSIT_TO,7,54,y1863,FEW_SEATS_AVAILABLE,REVENUE,23,40001,64464450
delay,,1733875727000000000,IN_TRANSIT_TO,12,57,y1863,FEW_SEATS_AVAILABLE,REVENUE,23,407,64464450
delay,,1733875849000000000,STOPPED_AT,14,0,y1863,FEW_SEATS_AVAILABLE,REVENUE,23,411,64464450
delay,,1733875970000000000,STOPPED_AT,17,0,y1863,FEW_SEATS_AVAILABLE,REVENUE,23,472,64464450
delay,,1733876092000000000,STOPPED_AT,19,0,y1863,FEW_SEATS_AVAILABLE,REVENUE,23,475,64464450
delay,,1733876335000000000,IN_TRANSIT_TO,24,49,y1863,FEW_SEATS_AVAILABLE,REVENUE,23,483,64464450
delay,,1733876456000000000,STOPPED_AT,26,46,y1863,MANY_SEATS_AVAILABLE,REVENUE,23,426,64464450
delay,,1733876578000000000,STOPPED_AT,28,102,y1863,MANY_SEATS_AVAILABLE,REVENUE,23,430,64464450
delay,,1733876699000000000,STOPPED_AT,1,0,y1863,MANY_SEATS_AVAILABLE,REVENUE,23,334,64462928
delay,,1733876821000000000,STOPPED_AT,1,0,y1863,MANY_SEATS_AVAILABLE,REVENUE,23,334,64462928
delay,,1733876942000000000,IN_TRANSIT_TO,4,0,y1863,MANY_SEATS_AVAILABLE,REVENUE,23,371,64462928
delay,,1733877064000000000,STOPPED_AT,6,0,y1863,MANY_SEATS_AVAILABLE,REVENUE,23,458,64462928
delay,,1733877185000000000,STOPPED_AT,9,0,y1863,MANY_SEATS_AVAILABLE,REVENUE,23,463,64462928
delay,,1733877307000000000,IN_TRANSIT_TO,12,0,y1863,MANY_SEATS_AVAILABLE,REVENUE,23,473,64462928
delay,,1733877428000000000,IN_TRANSIT_TO,15,0,y1863,MANY_SEATS_AVAILABLE,REVENUE,23,386,64462928
delay,,1733877550000000000,IN_TRANSIT_TO,16,0,y1863,MANY_SEATS_AVAILABLE,REVENUE,23,387,64462928
delay,,1733877671000000000,STOPPED_AT,20,0,y1863,MANY_SEATS_AVAILABLE,REVENUE,23,393,64462928
delay,,1733877914000000000,IN_TRANSIT_TO,25,0,y1863,MANY_SEATS_AVAILABLE,REVENUE,23,64000,64462928
delay,,1733878157000000000,IN_TRANSIT_TO,26,201,y1863,MANY_SEATS_AVAILABLE,REVENUE,23,1148,64462928
delay,,1733878279000000000,IN_TRANSIT_TO,31,180,y1863,MANY_SEATS_AVAILABLE,REVENUE,23,17861,64462928
delay,,1733878400000000000,STOPPED_AT,1,0,y1863,MANY_SEATS_AVAILABLE,REVENUE,23,17862,64464458
delay,,1733878522000000000,STOPPED_AT,1,0,y1863,MANY_SEATS_AVAILABLE,REVENUE,23,17862,64464458
delay,,1733878643000000000,IN_TRANSIT_TO,2,0,y1863,MANY_SEATS_AVAILABLE,REVENUE,23,11257,64464458
delay,,1733878765000000000,IN_TRANSIT_TO,2,74,y1863,MANY_SEATS_AVAILABLE,REVENUE,23,11257,64464458
delay,,1733878886000000000,IN_TRANSIT_TO,5,25,y1863,MANY_SEATS_AVAILABLE,REVENUE,23,11259,64464458
delay,,1733879008000000000,IN_TRANSIT_TO,6,35,y1863,MANY_SEATS_AVAILABLE,REVENUE,23,64000,64464458
delay,,1733879129000000000,IN_TRANSIT_TO,7,148,y1863,MANY_SEATS_AVAILABLE,REVENUE,23,40001,64464458
delay,,1733879615000000000,STOPPED_AT,16,84,y1863,MANY_SEATS_AVAILABLE,REVENUE,23,471,64464458
delay,,1733879980000000000,STOPPED_AT,20,331,y1863,MANY_SEATS_AVAILABLE,REVENUE,23,477,64464458
delay,,1733880101000000000,STOPPED_AT,22,327,y1863,MANY_SEATS_AVAILABLE,REVENUE,23,480,64464458
delay,,1733880223000000000,IN_TRANSIT_TO,26,267,y1863,MANY_SEATS_AVAILABLE,REVENUE,23,426,64464458
delay,,1733880344000000000,STOPPED_AT,28,331,y1863,MANY_SEATS_AVAILABLE,REVENUE,23,430,64464458
delay,,1733880467000000000,STOPPED_AT,1,1235,y1871,MANY_SEATS_AVAILABLE,REVENUE,23,334,64462929
delay,,1733880589000000000,IN_TRANSIT_TO,2,730,y1804,MANY_SEATS_AVAILABLE,REVENUE,23,11257,64464462
delay,,1733880711000000000,IN_TRANSIT_TO,6,582,y1804,MANY_SEATS_AVAILABLE,REVENUE,23,64000,64464462
delay,,1733880832000000000,STOPPED_AT,6,637,y1804,MANY_SEATS_AVAILABLE,REVENUE,23,64000,64464462
delay,,1733880954000000000,IN_TRANSIT_TO,7,704,y1804,MANY_SEATS_AVAILABLE,REVENUE,23,40001,64464462
delay,,1733881197000000000,STOPPED_AT,12,709,y1804,MANY_SEATS_AVAILABLE,REVENUE,23,407,64464462
delay,,1733881318000000000,IN_TRANSIT_TO,16,636,y1804,MANY_SEATS_AVAILABLE,REVENUE,23,471,64464462
delay,,1733881440000000000,IN_TRANSIT_TO,17,714,y1804,MANY_SEATS_AVAILABLE,REVENUE,23,472,64464462
delay,,1733881561000000000,IN_TRANSIT_TO,20,724,y1804,MANY_SEATS_AVAILABLE,REVENUE,23,477,64464462
delay,,1733881683000000000,STOPPED_AT,24,642,y1804,MANY_SEATS_AVAILABLE,REVENUE,23,483,64464462
delay,,1733881804000000000,IN_TRANSIT_TO,28,604,y1804,MANY_SEATS_AVAILABLE,REVENUE,23,430,64464462
delay,,1733881926000000000,IN_TRANSIT_TO,29,640,y1804,MANY_SEATS_AVAILABLE,REVENUE,23,334,64464462
delay,,1733882170000000000,STOPPED_AT,12,2394,y1871,MANY_SEATS_AVAILABLE,REVENUE,23,473,64462929
delay,,1733882291000000000,STOPPED_AT,18,2224,y1871,MANY_SEATS_AVAILABLE,REVENUE,23,390,64462929
delay,,1733882413000000000,IN_TRANSIT_TO,24,2110,y1871,MANY_SEATS_AVAILABLE,REVENUE,23,21151,64462929
delay,,1733882534000000000,STOPPED_AT,25,2157,y1871,MANY_SEATS_AVAILABLE,REVENUE,23,64000,64462929
delay,,1733882656000000000,IN_TRANSIT_TO,26,2235,y1871,MANY_SEATS_AVAILABLE,REVENUE,23,1148,64462929
delay,,1733882777000000000,STOPPED_AT,30,2190,y1871,MANY_SEATS_AVAILABLE,REVENUE,23,1224,64462929
delay,,1733882899000000000,IN_TRANSIT_TO,31,2283,y1871,MANY_SEATS_AVAILABLE,REVENUE,23,17861,64462929
delay,,1733890969000000000,STOPPED_AT,1,0,y1805,MANY_SEATS_AVAILABLE,REVENUE,23,17862,64464111
delay,,1733891090000000000,STOPPED_AT,1,0,y1805,MANY_SEATS_AVAILABLE,REVENUE,23,17862,64464111
delay,,1733891212000000000,STOPPED_AT,1,0,y1805,MANY_SEATS_AVAILABLE,REVENUE,23,17862,64464111
delay,,1733891333000000000,STOPPED_AT,1,0,y1805,MANY_SEATS_AVAILABLE,REVENUE,23,17862,64464111
delay,,1733891455000000000,STOPPED_AT,1,0,y1805,MANY_SEATS_AVAILABLE,REVENUE,23,17862,64464111
delay,,1733891576000000000,STOPPED_AT,1,0,y1805,MANY_SEATS_AVAILABLE,REVENUE,23,17862,64464111
delay,,1733891698000000000,STOPPED_AT,1,0,y1805,MANY_SEATS_AVAILABLE,REVENUE,23,17862,64464111
delay,,1733891819000000000,STOPPED_AT,1,0,y1805,MANY_SEATS_AVAILABLE,REVENUE,23,17862,64464111
delay,,1733891941000000000,STOPPED_AT,1,0,y1805,MANY_SEATS_AVAILABLE,REVENUE,23,17862,64464111
delay,,1733892062000000000,STOPPED_AT,1,0,y1805,MANY_SEATS_AVAILABLE,REVENUE,23,17862,64464111
delay,,1733892184000000000,STOPPED_AT,1,0,y1805,MANY_SEATS_AVAILABLE,REVENUE,23,17862,64464111
delay,,1733892305000000000,STOPPED_AT,1,0,y1805,MANY_SEATS_AVAILABLE,REVENUE,23,17862,64464111
delay,,1733892427000000000,STOPPED_AT,1,0,y1805,MANY_SEATS_AVAILABLE,REVENUE,23,17862,64464111
delay,,1733892548000000000,STOPPED_AT,1,0,y1805,MANY_SEATS_AVAILABLE,REVENUE,23,17862,64464111
delay,,1733892670000000000,STOPPED_AT,1,39,y1805,MANY_SEATS_AVAILABLE,REVENUE,23,17862,64464111
delay,,1733892791000000000,IN_TRANSIT_TO,2,90,y1805,MANY_SEATS_AVAILABLE,REVENUE,23,11257,64464111
delay,,1733893034000000000,IN_TRANSIT_TO,6,71,y1805,MANY_SEATS_AVAILABLE,REVENUE,23,64000,64464111
delay,,1733893156000000000,IN_TRANSIT_TO,7,214,y1805,MANY_SEATS_AVAILABLE,REVENUE,23,40001,64464111
delay,,1733893277000000000,IN_TRANSIT_TO,8,188,y1805,MANY_SEATS_AVAILABLE,REVENUE,23,401,64464111
delay,,1733893399000000000,STOPPED_AT,11,241,y1805,MANY_SEATS_AVAILABLE,REVENUE,23,406,64464111
delay,,1733893520000000000,STOPPED_AT,14,178,y1805,MANY_SEATS_AVAILABLE,REVENUE,23,411,64464111
delay,,1733893642000000000,IN_TRANSIT_TO,16,270,y1805,FEW_SEATS_AVAILABLE,REVENUE,23,471,64464111
delay,,1733893763000000000,IN_TRANSIT_TO,19,324,y1805,FEW_SEATS_AVAILABLE,REVENUE,23,475,64464111
delay,,1733893885000000000,IN_TRANSIT_TO,21,309,y1805,FEW_SEATS_AVAILABLE,REVENUE,23,478,64464111
delay,,1733894006000000000,STOPPED_AT,24,308,y1805,FEW_SEATS_AVAILABLE,REVENUE,23,483,64464111
delay,,1733894128000000000,IN_TRANSIT_TO,26,316,y1805,FEW_SEATS_AVAILABLE,REVENUE,23,426,64464111
delay,,1733894371000000000,STOPPED_AT,1,235,y1805,MANY_SEATS_AVAILABLE,REVENUE,23,334,64462752
delay,,1733894492000000000,IN_TRANSIT_TO,3,200,y1805,MANY_SEATS_AVAILABLE,REVENUE,23,369,64462752
delay,,1733894614000000000,IN_TRANSIT_TO,5,203,y1805,FEW_SEATS_AVAILABLE,REVENUE,23,457,64462752
delay,,1733894735000000000,IN_TRANSIT_TO,7,257,y1805,FEW_SEATS_AVAILABLE,REVENUE,23,460,64462752
delay,,1733894857000000000,IN_TRANSIT_TO,10,217,y1805,FEW_SEATS_AVAILABLE,REVENUE,23,465,64462752
delay,,1733895100000000000,IN_TRANSIT_TO,15,239,y1805,FEW_SEATS_AVAILABLE,REVENUE,23,386,64462752
delay,,1733895221000000000,IN_TRANSIT_TO,19,147,y1805,FEW_SEATS_AVAILABLE,REVENUE,23,392,64462752
delay,,1733895343000000000,STOPPED_AT,22,189,y1805,FEW_SEATS_AVAILABLE,REVENUE,23,395,64462752
delay,,1733895464000000000,STOPPED_AT,25,163,y1805,FEW_SEATS_AVAILABLE,REVENUE,23,64000,64462752
delay,,1733895586000000000,IN_TRANSIT_TO,26,279,y1805,FEW_SEATS_AVAILABLE,REVENUE,23,1148,64462752
delay,,1733895707000000000,IN_TRANSIT_TO,30,218,y1805,FEW_SEATS_AVAILABLE,REVENUE,23,1224,64462752
delay,,1733895829000000000,IN_TRANSIT_TO,31,375,y1805,FEW_SEATS_AVAILABLE,REVENUE,23,17861,64462752
delay,,1733895950000000000,IN_TRANSIT_TO,31,413,y1805,FEW_SEATS_AVAILABLE,REVENUE,23,17861,64462752
delay,,1733896072000000000,STOPPED_AT,1,0,y1805,MANY_SEATS_AVAILABLE,REVENUE,23,17862,64464122
delay,,1733896193000000000,IN_TRANSIT_TO,2,32,y1805,MANY_SEATS_AVAILABLE,REVENUE,23,11257,64464122
delay,,1733896315000000000,IN_TRANSIT_TO,2,85,y1805,MANY_SEATS_AVAILABLE,REVENUE,23,11257,64464122
delay,,1733896436000000000,IN_TRANSIT_TO,5,46,y1805,MANY_SEATS_AVAILABLE,REVENUE,23,11259,64464122
delay,,1733896558000000000,IN_TRANSIT_TO,6,135,y1805,MANY_SEATS_AVAILABLE,REVENUE,23,64000,64464122
delay,,1733896680000000000,IN_TRANSIT_TO,7,325,y1805,MANY_SEATS_AVAILABLE,REVENUE,23,40001,64464122
delay,,1733896801000000000,IN_TRANSIT_TO,7,340,y1805,MANY_SEATS_AVAILABLE,REVENUE,23,40001,64464122
delay,,1733896923000000000,STOPPED_AT,9,335,y1805,MANY_SEATS_AVAILABLE,REVENUE,23,404,64464122
delay,,1733897044000000000,STOPPED_AT,10,402,y1805,MANY_SEATS_AVAILABLE,REVENUE,23,405,64464122
delay,,1733897166000000000,STOPPED_AT,12,467,y1805,MANY_SEATS_AVAILABLE,REVENUE,23,407,64464122
delay,,1733897409000000000,STOPPED_AT,17,476,y1805,MANY_SEATS_AVAILABLE,REVENUE,23,472,64464122
delay,,1733897531000000000,IN_TRANSIT_TO,20,428,y1805,FEW_SEATS_AVAILABLE,REVENUE,23,477,64464122
delay,,1733897652000000000,IN_TRANSIT_TO,22,420,y1805,FEW_SEATS_AVAILABLE,REVENUE,23,480,64464122
delay,,1733897895000000000,IN_TRANSIT_TO,27,357,y1805,FEW_SEATS_AVAILABLE,REVENUE,23,428,64464122
delay,,1733898017000000000,IN_TRANSIT_TO,29,403,y1805,FEW_SEATS_AVAILABLE,REVENUE,23,334,64464122
delay,,1733898138000000000,STOPPED_AT,1,0,y1805,FEW_SEATS_AVAILABLE,REVENUE,23,334,64462770
delay,,1733898260000000000,IN_TRANSIT_TO,2,62,y1805,FEW_SEATS_AVAILABLE,REVENUE,23,367,64462770
delay,,1733898381000000000,IN_TRANSIT_TO,2,106,y1805,MANY_SEATS_AVAILABLE,REVENUE,23,367,64462770
delay,,1733898503000000000,STOPPED_AT,4,10,y1805,MANY_SEATS_AVAILABLE,REVENUE,23,371,64462770
delay,,1733898625000000000,STOPPED_AT,6,11,y1805,FEW_SEATS_AVAILABLE,REVENUE,23,458,64462770
delay,,1733898868000000000,IN_TRANSIT_TO,10,29,y1805,FEW_SEATS_AVAILABLE,REVENUE,23,465,64462770
delay,,1733898989000000000,IN_TRANSIT_TO,11,32,y1805,FEW_SEATS_AVAILABLE,REVENUE,23,467,64462770
delay,,1733899111000000000,IN_TRANSIT_TO,12,128,y1805,FEW_SEATS_AVAILABLE,REVENUE,23,473,64462770
delay,,1733899354000000000,IN_TRANSIT_TO,15,138,y1805,FULL,REVENUE,23,386,64462770
delay,,1733899475000000000,STOPPED_AT,15,191,y1805,FULL,REVENUE,23,386,64462770
delay,,1733899597000000000,STOPPED_AT,18,16,y1805,FULL,REVENUE,23,390,64462770
delay,,1733899840000000000,STOPPED_AT,22,23,y1805,FULL,REVENUE,23,395,64462770
delay,,1733900205000000000,IN_TRANSIT_TO,25,171,y1805,FULL,REVENUE,23,64000,64462770
delay,,1733900326000000000,IN_TRANSIT_TO,26,297,y1805,FEW_SEATS_AVAILABLE,REVENUE,23,1148,64462770
delay,,1733900448000000000,IN_TRANSIT_TO,26,360,y1805,FEW_SEATS_AVAILABLE,REVENUE,23,1148,64462770
delay,,1733900569000000000,STOPPED_AT,26,528,y1805,FEW_SEATS_AVAILABLE,REVENUE,23,1148,64462770
delay,,1733900691000000000,IN_TRANSIT_TO,27,509,y1805,FEW_SEATS_AVAILABLE,REVENUE,23,11149,64462770
delay,,1733900813000000000,STOPPED_AT,28,572,y1805,FEW_SEATS_AVAILABLE,REVENUE,23,11148,64462770
delay,,1733900935000000000,IN_TRANSIT_TO,31,626,y1805,FEW_SEATS_AVAILABLE,REVENUE,23,17861,64462770
delay,,1733905918000000000,IN_TRANSIT_TO,5,261,y1875,FEW_SEATS_AVAILABLE,REVENUE,23,457,64464932
delay,,1733906040000000000,IN_TRANSIT_TO,6,231,y1875,FEW_SEATS_AVAILABLE,REVENUE,23,458,64464932
delay,,1733906161000000000,STOPPED_AT,9,177,y1875,FEW_SEATS_AVAILABLE,REVENUE,23,463,64464932
delay,,1733906283000000000,STOPPED_AT,11,97,y1875,FEW_SEATS_AVAILABLE,REVENUE,23,467,64464932
delay,,1733906405000000000,STOPPED_AT,12,179,y1875,FEW_SEATS_AVAILABLE,REVENUE,23,473,64464932
delay,,1733906527000000000,STOPPED_AT,14,161,y1875,FEW_SEATS_AVAILABLE,REVENUE,23,470,64464932
delay,,1733906770000000000,STOPPED_AT,18,0,y1875,FEW_SEATS_AVAILABLE,REVENUE,23,390,64464932
delay,,1733906891000000000,STOPPED_AT,20,0,y1875,FEW_SEATS_AVAILABLE,REVENUE,23,393,64464932
delay,,1733907134000000000,IN_TRANSIT_TO,24,40,y1875,FULL,REVENUE,23,21151,64464932
delay,,1733907256000000000,IN_TRANSIT_TO,25,39,y1875,FULL,REVENUE,23,64000,64464932
delay,,1733907377000000000,STOPPED_AT,25,114,y1875,FULL,REVENUE,23,64000,64464932
delay,,1733907499000000000,IN_TRANSIT_TO,26,341,y1875,FULL,REVENUE,23,1148,64464932
delay,,1733907620000000000,STOPPED_AT,26,410,y1875,FEW_SEATS_AVAILABLE,REVENUE,23,1148,64464932
delay,,1733907985000000000,IN_TRANSIT_TO,31,333,y1875,FEW_SEATS_AVAILABLE,REVENUE,23,17861,64464932
delay,,1733908106000000000,STOPPED_AT,1,0,y1875,FEW_SEATS_AVAILABLE,REVENUE,23,17862,64464928
delay,,1733908228000000000,IN_TRANSIT_TO,2,0,y1875,MANY_SEATS_AVAILABLE,REVENUE,23,11257,64464928
delay,,1733908349000000000,IN_TRANSIT_TO,2,0,y1875,MANY_SEATS_AVAILABLE,REVENUE,23,11257,64464928
delay,,1733908471000000000,STOPPED_AT,5,0,y1875,MANY_SEATS_AVAILABLE,REVENUE,23,11259,64464928
delay,,1733908592000000000,IN_TRANSIT_TO,6,0,y1875,MANY_SEATS_AVAILABLE,REVENUE,23,64000,64464928
delay,,1733908714000000000,STOPPED_AT,6,0,y1875,MANY_SEATS_AVAILABLE,REVENUE,23,64000,64464928
delay,,1733908835000000000,IN_TRANSIT_TO,7,63,y1875,MANY_SEATS_AVAILABLE,REVENUE,23,40001,64464928
delay,,1733908957000000000,STOPPED_AT,7,94,y1875,MANY_SEATS_AVAILABLE,REVENUE,23,40001,64464928
delay,,1733909078000000000,STOPPED_AT,9,89,y1875,MANY_SEATS_AVAILABLE,REVENUE,23,404,64464928
delay,,1733909200000000000,IN_TRANSIT_TO,12,26,y1875,MANY_SEATS_AVAILABLE,REVENUE,23,407,64464928
delay,,1733909321000000000,STOPPED_AT,14,29,y1875,MANY_SEATS_AVAILABLE,REVENUE,23,411,64464928
delay,,1733909443000000000,IN_TRANSIT_TO,16,0,y1875,MANY_SEATS_AVAILABLE,REVENUE,23,471,64464928
delay,,1733909564000000000,IN_TRANSIT_TO,19,0,y1875,MANY_SEATS_AVAILABLE,REVENUE,23,475,64464928
delay,,1733909686000000000,STOPPED_AT,20,0,y1875,MANY_SEATS_AVAILABLE,REVENUE,23,477,64464928
delay,,1733909807000000000,IN_TRANSIT_TO,23,0,y1875,MANY_SEATS_AVAILABLE,REVENUE,23,482,64464928
delay,,1733909929000000000,STOPPED_AT,24,0,y1875,MANY_SEATS_AVAILABLE,REVENUE,23,483,64464928
delay,,1733910050000000000,STOPPED_AT,26,0,y1875,MANY_SEATS_AVAILABLE,REVENUE,23,426,64464928
delay,,1733910172000000000,STOPPED_AT,28,0,y1875,MANY_SEATS_AVAILABLE,REVENUE,23,430,64464928
delay,,1733910293000000000,IN_TRANSIT_TO,29,61,y1875,MANY_SEATS_AVAILABLE,REVENUE,23,334,64464928
delay,,1733910415000000000,STOPPED_AT,1,0,y1875,MANY_SEATS_AVAILABLE,REVENUE,23,334,64462797
delay,,1733910536000000000,STOPPED_AT,1,0,y1875,MANY_SEATS_AVAILABLE,REVENUE,23,334,64462797
delay,,1733910658000000000,IN_TRANSIT_TO,2,40,y1875,MANY_SEATS_AVAILABLE,REVENUE,23,367,64462797
delay,,1733910779000000000,IN_TRANSIT_TO,5,13,y1875,MANY_SEATS_AVAILABLE,REVENUE,23,457,64462797
delay,,1733910901000000000,IN_TRANSIT_TO,7,0,y1875,MANY_SEATS_AVAILABLE,REVENUE,23,460,64462797
delay,,1733911022000000000,IN_TRANSIT_TO,10,0,y1875,MANY_SEATS_AVAILABLE,REVENUE,23,465,64462797
delay,,1733911144000000000,IN_TRANSIT_TO,12,0,y1875,MANY_SEATS_AVAILABLE,REVENUE,23,473,64462797
delay,,1733911265000000000,STOPPED_AT,13,0,y1875,MANY_SEATS_AVAILABLE,REVENUE,23,469,64462797
delay,,1733911387000000000,IN_TRANSIT_TO,15,0,y1875,MANY_SEATS_AVAILABLE,REVENUE,23,386,64462797
delay,,1733911509000000000,STOPPED_AT,16,0,y1875,MANY_SEATS_AVAILABLE,REVENUE,23,387,64462797
delay,,1733911630000000000,IN_TRANSIT_TO,19,0,y1875,MANY_SEATS_AVAILABLE,REVENUE,23,392,64462797
delay,,1733911873000000000,STOPPED_AT,23,0,y1875,MANY_SEATS_AVAILABLE,REVENUE,23,396,64462797
delay,,1733911995000000000,STOPPED_AT,24,0,y1875,MANY_SEATS_AVAILABLE,REVENUE,23,21151,64462797
delay,,1733912116000000000,IN_TRANSIT_TO,26,0,y1875,MANY_SEATS_AVAILABLE,REVENUE,23,1148,64462797
delay,,1733912238000000000,STOPPED_AT,26,0,y1875,MANY_SEATS_AVAILABLE,REVENUE,23,1148,64462797
delay,,1733912359000000000,STOPPED_AT,29,0,y1875,MANY_SEATS_AVAILABLE,REVENUE,23,21148,64462797
delay,,1733912481000000000,IN_TRANSIT_TO,31,0,y1875,MANY_SEATS_AVAILABLE,REVENUE,23,17861,64462797
delay,,1733912602000000000,STOPPED_AT,1,0,y1875,MANY_SEATS_AVAILABLE,REVENUE,23,17862,64464205
delay,,1733912724000000000,STOPPED_AT,1,0,y1875,MANY_SEATS_AVAILABLE,REVENUE,23,17862,64464205
delay,,1733912845000000000,STOPPED_AT,1,0,y1875,MANY_SEATS_AVAILABLE,REVENUE,23,17862,64464205
delay,,1733912967000000000,STOPPED_AT,1,0,y1875,MANY_SEATS_AVAILABLE,REVENUE,23,17862,64464205
delay,,1733913089000000000,STOPPED_AT,1,0,y1875,MANY_SEATS_AVAILABLE,REVENUE,23,17862,64464205
delay,,1733913210000000000,STOPPED_AT,1,27,y1875,MANY_SEATS_AVAILABLE,REVENUE,23,17862,64464205
delay,,1733913332000000000,STOPPED_AT,1,88,y1875,MANY_SEATS_AVAILABLE,REVENUE,23,17862,64464205
delay,,1733913453000000000,STOPPED_AT,1,269,y1875,MANY_SEATS_AVAILABLE,REVENUE,23,17862,64464205
delay,,1733913575000000000,STOPPED_AT,1,386,y1875,MANY_SEATS_AVAILABLE,REVENUE,23,17862,64464205
delay,,1733913696000000000,STOPPED_AT,1,565,y1875,MANY_SEATS_AVAILABLE,REVENUE,23,17862,64464205
delay,,1733913818000000000,STOPPED_AT,1,624,y1875,MANY_SEATS_AVAILABLE,REVENUE,23,17862,64464205
delay,,1733914061000000000,STOPPED_AT,1,925,y1875,MANY_SEATS_AVAILABLE,REVENUE,23,17862,64464205
delay,,1733914182000000000,STOPPED_AT,1,983,y1875,MANY_SEATS_AVAILABLE,REVENUE,23,17862,64464205
delay,,1733915641000000000,IN_TRANSIT_TO,2,388,y1924,MANY_SEATS_AVAILABLE,REVENUE,23,367,64462810
delay,,1733916006000000000,IN_TRANSIT_TO,6,446,y1924,FEW_SEATS_AVAILABLE,REVENUE,23,458,64462810
delay,,1733916128000000000,STOPPED_AT,8,470,y1924,FEW_SEATS_AVAILABLE,REVENUE,23,461,64462810
delay,,1733916492000000000,STOPPED_AT,14,531,y1924,FEW_SEATS_AVAILABLE,REVENUE,23,470,64462810
delay,,1733916614000000000,IN_TRANSIT_TO,15,568,y1924,FEW_SEATS_AVAILABLE,REVENUE,23,386,64462810
delay,,1733916978000000000,IN_TRANSIT_TO,20,609,y1924,FEW_SEATS_AVAILABLE,REVENUE,23,393,64462810
delay,,1733917343000000000,IN_TRANSIT_TO,26,503,y1924,FEW_SEATS_AVAILABLE,REVENUE,23,1148,64462810
delay,,1733917464000000000,IN_TRANSIT_TO,26,539,y1924,FEW_SEATS_AVAILABLE,REVENUE,23,1148,64462810
delay,,1733917586000000000,STOPPED_AT,27,597,y1924,FEW_SEATS_AVAILABLE,REVENUE,23,11149,64462810
delay,,1733917707000000000,STOPPED_AT,30,561,y1924,MANY_SEATS_AVAILABLE,REVENUE,23,1224,64462810
delay,,1733917829000000000,IN_TRANSIT_TO,31,598,y1924,MANY_SEATS_AVAILABLE,REVENUE,23,17861,64462810
delay,,1733917950000000000,STOPPED_AT,1,183,y1924,MANY_SEATS_AVAILABLE,REVENUE,23,17862,64464226
delay,,1733918072000000000,IN_TRANSIT_TO,2,86,y1924,MANY_SEATS_AVAILABLE,REVENUE,23,11257,64464226
delay,,1733918193000000000,IN_TRANSIT_TO,2,151,y1924,MANY_SEATS_AVAILABLE,REVENUE,23,11257,64464226
delay,,1733918315000000000,IN_TRANSIT_TO,5,95,y1924,MANY_SEATS_AVAILABLE,REVENUE,23,11259,64464226
delay,,1733918680000000000,IN_TRANSIT_TO,7,273,y1924,MANY_SEATS_AVAILABLE,REVENUE,23,40001,64464226
delay,,1733918801000000000,IN_TRANSIT_TO,7,306,y1924,MANY_SEATS_AVAILABLE,REVENUE,23,40001,64464226
delay,,1733919044000000000,IN_TRANSIT_TO,10,267,y1924,FEW_SEATS_AVAILABLE,REVENUE,23,405,64464226
delay,,1733919166000000000,STOPPED_AT,11,331,y1924,MANY_SEATS_AVAILABLE,REVENUE,23,406,64464226
delay,,1733919530000000000,IN_TRANSIT_TO,16,389,y1924,FEW_SEATS_AVAILABLE,REVENUE,23,471,64464226
delay,,1733919895000000000,STOPPED_AT,20,398,y1924,FEW_SEATS_AVAILABLE,REVENUE,23,477,64464226
delay,,1733920259000000000,STOPPED_AT,25,416,y1924,FEW_SEATS_AVAILABLE,REVENUE,23,485,64464226
delay,,1733920381000000000,IN_TRANSIT_TO,26,467,y1924,FEW_SEATS_AVAILABLE,REVENUE,23,426,64464226
delay,,1733920503000000000,IN_TRANSIT_TO,27,529,y1924,FEW_SEATS_AVAILABLE,REVENUE,23,428,64464226
delay,,1733920746000000000,STOPPED_AT,1,232,y1924,FEW_SEATS_AVAILABLE,REVENUE,23,334,64462820
delay,,1733920867000000000,IN_TRANSIT_TO,2,290,y1924,FEW_SEATS_AVAILABLE,REVENUE,23,367,64462820
delay,,1733920989000000000,IN_TRANSIT_TO,3,265,y1924,FEW_SEATS_AVAILABLE,REVENUE,23,369,64462820
delay,,1733921232000000000,STOPPED_AT,6,300,y1924,FEW_SEATS_AVAILABLE,REVENUE,23,458,64462820
delay,,1733921353000000000,IN_TRANSIT_TO,8,357,y1924,FEW_SEATS_AVAILABLE,REVENUE,23,461,64462820
delay,,1733921596000000000,IN_TRANSIT_TO,11,439,y1924,FEW_SEATS_AVAILABLE,REVENUE,23,467,64462820
delay,,1733922082000000000,STOPPED_AT,18,482,y1924,FEW_SEATS_AVAILABLE,REVENUE,23,390,64462820
delay,,1733922204000000000,STOPPED_AT,20,488,y1924,FEW_SEATS_AVAILABLE,REVENUE,23,393,64462820
delay,,1733922450000000000,IN_TRANSIT_TO,26,325,y1924,FEW_SEATS_AVAILABLE,REVENUE,23,1148,64462820
delay,,1733922572000000000,IN_TRANSIT_TO,26,364,y1924,FEW_SEATS_AVAILABLE,REVENUE,23,1148,64462820
delay,,1733922693000000000,IN_TRANSIT_TO,30,215,y1924,FEW_SEATS_AVAILABLE,REVENUE,23,1224,64462820
delay,,1733922815000000000,IN_TRANSIT_TO,31,265,y1924,FEW_SEATS_AVAILABLE,REVENUE,23,17861,64462820
delay,,1733922936000000000,STOPPED_AT,1,0,y1924,FEW_SEATS_AVAILABLE,REVENUE,23,17862,64464252
delay,,1733923302000000000,STOPPED_AT,1,31,y3240,,REVENUE,23,334,64458589
delay,,1733923424000000000,STOPPED_AT,2,91,y3240,,REVENUE,23,367,64458589
delay,,1733923667000000000,STOPPED_AT,6,44,y3240,,REVENUE,23,458,64458589
delay,,1733923910000000000,IN_TRANSIT_TO,10,107,y3240,,REVENUE,23,465,64458589
delay,,1733924031000000000,STOPPED_AT,12,99,y3240,,REVENUE,23,473,64458589
delay,,1733924153000000000,STOPPED_AT,14,154,y3240,,REVENUE,23,470,64458589
delay,,1733924396000000000,STOPPED_AT,17,154,y3240,,REVENUE,23,388,64458589
delay,,1733924518000000000,STOPPED_AT,19,162,y3240,,REVENUE,23,392,64458589
delay,,1733924639000000000,STOPPED_AT,21,163,y3240,,REVENUE,23,394,64458589
delay,,1733925004000000000,IN_TRANSIT_TO,26,133,y3240,,REVENUE,23,1148,64458589
delay,,1733925125000000000,STOPPED_AT,26,195,y3240,,REVENUE,23,1148,64458589
delay,,1733925368000000000,STOPPED_AT,27,351,y3240,,REVENUE,23,11149,64458589
delay,,1733925733000000000,IN_TRANSIT_TO,31,470,y3240,,REVENUE,23,17861,64458589
delay,,1733925855000000000,STOPPED_AT,1,0,y3240,,REVENUE,23,17862,64460035
delay,,1733925976000000000,STOPPED_AT,1,0,y3240,,REVENUE,23,17862,64460035
delay,,1733926098000000000,STOPPED_AT,1,0,y3240,,REVENUE,23,17862,64460035
delay,,1733926219000000000,STOPPED_AT,1,0,y3240,,REVENUE,23,17862,64460035
delay,,1733926341000000000,STOPPED_AT,1,0,y3240,,REVENUE,23,17862,64460035
delay,,1733926462000000000,STOPPED_AT,1,0,y3240,,REVENUE,23,17862,64460035
delay,,1733926584000000000,STOPPED_AT,1,0,y3240,,REVENUE,23,17862,64460035
delay,,1733926706000000000,STOPPED_AT,1,0,y3240,,REVENUE,23,17862,64460035
delay,,1733926827000000000,STOPPED_AT,1,0,y3240,,REVENUE,23,17862,64460035
delay,,1733926949000000000,STOPPED_AT,1,0,y3240,,REVENUE,23,17862,64460035
delay,,1733927071000000000,STOPPED_AT,1,0,y3240,,REVENUE,23,17862,64460035
delay,,1733927192000000000,STOPPED_AT,1,0,y3240,,REVENUE,23,17862,64460035
delay,,1733927314000000000,STOPPED_AT,1,0,y3240,,REVENUE,23,17862,64460035
delay,,1733927435000000000,STOPPED_AT,1,84,y3240,,REVENUE,23,17862,64460035
delay,,1733927557000000000,IN_TRANSIT_TO,2,8,y3240,,REVENUE,23,11257,64460035
delay,,1733927679000000000,IN_TRANSIT_TO,2,69,y3240,,REVENUE,23,11257,64460035
delay,,1733927800000000000,IN_TRANSIT_TO,2,128,y3240,,REVENUE,23,11257,64460035
delay,,1733927922000000000,STOPPED_AT,2,214,y3240,,REVENUE,23,11257,64460035
delay,,1733928043000000000,STOPPED_AT,4,191,y3240,,REVENUE,23,11323,64460035
delay,,1733928165000000000,IN_TRANSIT_TO,5,214,y3240,,REVENUE,23,11259,64460035
delay,,1733928408000000000,IN_TRANSIT_TO,6,316,y3240,,REVENUE,23,64000,64460035
delay,,1733928651000000000,IN_TRANSIT_TO,7,434,y3240,,REVENUE,23,40001,64460035
delay,,1733928772000000000,IN_TRANSIT_TO,7,556,y3240,,REVENUE,23,40001,64460035
delay,,1733928894000000000,IN_TRANSIT_TO,7,600,y3240,,REVENUE,23,40001,64460035
delay,,1733929015000000000,STOPPED_AT,8,638,y3240,,REVENUE,23,401,64460035
delay,,1733929137000000000,STOPPED_AT,10,582,y3240,,REVENUE,23,405,64460035
delay,,1733929502000000000,STOPPED_AT,14,698,y3240,,REVENUE,23,411,64460035
delay,,1733929623000000000,STOPPED_AT,16,642,y3240,,REVENUE,23,471,64460035
delay,,1733930110000000000,STOPPED_AT,19,911,y3240,,REVENUE,23,475,64460035
delay,,1733930231000000000,IN_TRANSIT_TO,21,819,y3240,,REVENUE,23,478,64460035
delay,,1733930353000000000,IN_TRANSIT_TO,23,802,y3240,,REVENUE,23,482,64460035
delay,,1733930474000000000,STOPPED_AT,24,762,y3240,,REVENUE,23,483,64460035
delay,,1733930596000000000,IN_TRANSIT_TO,26,728,y3240,,REVENUE,23,426,64460035
delay,,1733930717000000000,IN_TRANSIT_TO,28,616,y3240,,REVENUE,23,430,64460035
delay,,1733930839000000000,IN_TRANSIT_TO,29,637,y3240,,REVENUE,23,334,64460035
delay,,1733930960000000000,STOPPED_AT,1,0,y3240,,REVENUE,23,334,64458609
delay,,1733931082000000000,STOPPED_AT,2,0,y3240,,REVENUE,23,367,64458609
delay,,1733931325000000000,STOPPED_AT,4,6,y3240,,REVENUE,23,371,64458609
delay,,1733931446000000000,STOPPED_AT,5,65,y3240,,REVENUE,23,457,64458609
delay,,1733931568000000000,IN_TRANSIT_TO,6,141,y3240,,REVENUE,23,458,64458609
delay,,1733931689000000000,IN_TRANSIT_TO,7,124,y3240,,REVENUE,23,460,64458609
delay,,1733931811000000000,STOPPED_AT,9,137,y3240,,REVENUE,23,463,64458609
delay,,1733931932000000000,STOPPED_AT,11,70,y3240,,REVENUE,23,467,64458609
delay,,1733932054000000000,IN_TRANSIT_TO,13,85,y3240,,REVENUE,23,469,64458609
delay,,1733932175000000000,IN_TRANSIT_TO,15,82,y3240,,REVENUE,23,386,64458609
delay,,1733932662000000000,STOPPED_AT,22,0,y3240,,REVENUE,23,395,64458609
delay,,1733932905000000000,IN_TRANSIT_TO,26,0,y3240,,REVENUE,23,1148,64458609
delay,,1733933026000000000,IN_TRANSIT_TO,26,0,y3240,,REVENUE,23,1148,64458609
delay,,1733933148000000000,IN_TRANSIT_TO,26,63,y3240,,REVENUE,23,1148,64458609
delay,,1733933269000000000,STOPPED_AT,29,0,y3240,,REVENUE,23,21148,64458609
delay,,1733933513000000000,IN_TRANSIT_TO,31,85,y3240,,REVENUE,23,17861,64458609
delay,,1733934851000000000,IN_TRANSIT_TO,16,860,y3286,MANY_SEATS_AVAILABLE,REVENUE,23,471,64460062
delay,,1733934973000000000,IN_TRANSIT_TO,16,985,y3286,MANY_SEATS_AVAILABLE,REVENUE,23,471,64460062
delay,,1733935094000000000,STOPPED_AT,17,957,y3286,MANY_SEATS_AVAILABLE,REVENUE,23,472,64460062
delay,,1733935337000000000,IN_TRANSIT_TO,19,1113,y3286,MANY_SEATS_AVAILABLE,REVENUE,23,475,64460062
delay,,1733935459000000000,STOPPED_AT,19,1147,y3286,MANY_SEATS_AVAILABLE,REVENUE,23,475,64460062
delay,,1733935580000000000,IN_TRANSIT_TO,21,1048,y3286,MANY_SEATS_AVAILABLE,REVENUE,23,478,64460062
delay,,1733935702000000000,STOPPED_AT,23,964,y3286,MANY_SEATS_AVAILABLE,REVENUE,23,482,64460062
delay,,1733935823000000000,IN_TRANSIT_TO,25,958,y3286,MANY_SEATS_AVAILABLE,REVENUE,23,485,64460062
delay,,1733936066000000000,IN_TRANSIT_TO,26,1070,y3286,MANY_SEATS_AVAILABLE,REVENUE,23,426,64460062
delay,,1733936188000000000,IN_TRANSIT_TO,27,1101,y3286,MANY_SEATS_AVAILABLE,REVENUE,23,428,64460062
delay,,1733936309000000000,IN_TRANSIT_TO,29,1051,y3286,MANY_SEATS_AVAILABLE,REVENUE,23,334,64460062
delay,,1733936431000000000,STOPPED_AT,1,459,y3286,MANY_SEATS_AVAILABLE,REVENUE,23,334,64458629
delay,,1733936553000000000,STOPPED_AT,1,500,y3286,MANY_SEATS_AVAILABLE,REVENUE,23,334,64458629
delay,,1733936674000000000,STOPPED_AT,1,621,y3286,MANY_SEATS_AVAILABLE,REVENUE,23,334,64458629
delay,,1733936796000000000,STOPPED_AT,1,745,y3286,MANY_SEATS_AVAILABLE,REVENUE,23,334,64458629
delay,,1733936917000000000,STOPPED_AT,1,912,y3286,MANY_SEATS_AVAILABLE,REVENUE,23,334,64458629
delay,,1733937039000000000,IN_TRANSIT_TO,3,874,y3286,MANY_SEATS_AVAILABLE,REVENUE,23,369,64458629
delay,,1733937160000000000,STOPPED_AT,5,826,y3286,MANY_SEATS_AVAILABLE,REVENUE,23,457,64458629
delay,,1733937282000000000,IN_TRANSIT_TO,7,870,y3286,MANY_SEATS_AVAILABLE,REVENUE,23,460,64458629
delay,,1733937403000000000,STOPPED_AT,9,862,y3286,MANY_SEATS_AVAILABLE,REVENUE,23,463,64458629
delay,,1733937525000000000,IN_TRANSIT_TO,12,780,y3286,MANY_SEATS_AVAILABLE,REVENUE,23,473,64458629
delay,,1733937646000000000,STOPPED_AT,14,767,y3286,MANY_SEATS_AVAILABLE,REVENUE,23,470,64458629
delay,,1733937768000000000,IN_TRANSIT_TO,15,770,y3286,MANY_SEATS_AVAILABLE,REVENUE,23,386,64458629
delay,,1733938133000000000,IN_TRANSIT_TO,23,590,y3286,MANY_SEATS_AVAILABLE,REVENUE,23,396,64458629
delay,,1733938376000000000,IN_TRANSIT_TO,25,597,y3286,MANY_SEATS_AVAILABLE,REVENUE,23,64000,64458629
delay,,1733938497000000000,IN_TRANSIT_TO,26,620,y3286,MANY_SEATS_AVAILABLE,REVENUE,23,1148,64458629
delay,,1733938740000000000,IN_TRANSIT_TO,31,504,y3286,MANY_SEATS_AVAILABLE,REVENUE,23,17861,64458629
delay,,1733938862000000000,STOPPED_AT,1,11,y3286,MANY_SEATS_AVAILABLE,REVENUE,23,17862,64460104
delay,,1733938984000000000,IN_TRANSIT_TO,2,229,y3286,MANY_SEATS_AVAILABLE,REVENUE,23,11257,64460104
delay,,1733939105000000000,IN_TRANSIT_TO,2,15,y3286,MANY_SEATS_AVAILABLE,REVENUE,23,11257,64460104
delay,,1733939227000000000,IN_TRANSIT_TO,2,30,y3286,MANY_SEATS_AVAILABLE,REVENUE,23,11257,64460104
delay,,1733939348000000000,STOPPED_AT,5,0,y3286,MANY_SEATS_AVAILABLE,REVENUE,23,11259,64460104
delay,,1733939470000000000,IN_TRANSIT_TO,6,0,y3286,MANY_SEATS_AVAILABLE,REVENUE,23,64000,64460104
delay,,1733939591000000000,IN_TRANSIT_TO,6,67,y3286,MANY_SEATS_AVAILABLE,REVENUE,23,64000,64460104
delay,,1733939713000000000,STOPPED_AT,10,0,y3286,MANY_SEATS_AVAILABLE,REVENUE,23,405,64460104
delay,,1733939834000000000,STOPPED_AT,12,0,y3286,MANY_SEATS_AVAILABLE,REVENUE,23,407,64460104
delay,,1733939956000000000,STOPPED_AT,15,0,y3286,MANY_SEATS_AVAILABLE,REVENUE,23,412,64460104
delay,,1733940077000000000,IN_TRANSIT_TO,16,0,y3286,MANY_SEATS_AVAILABLE,REVENUE,23,471,64460104
delay,,1733940199000000000,STOPPED_AT,18,0,y3286,MANY_SEATS_AVAILABLE,REVENUE,23,468,64460104
delay,,1733940320000000000,STOPPED_AT,19,0,y3286,MANY_SEATS_AVAILABLE,REVENUE,23,475,64460104
delay,,1733940442000000000,IN_TRANSIT_TO,22,0,y3286,MANY_SEATS_AVAILABLE,REVENUE,23,480,64460104
delay,,1733940564000000000,IN_TRANSIT_TO,25,0,y3286,MANY_SEATS_AVAILABLE,REVENUE,23,485,64460104
delay,,1733940685000000000,IN_TRANSIT_TO,26,0,y3286,MANY_SEATS_AVAILABLE,REVENUE,23,426,64460104
delay,,1733940807000000000,IN_TRANSIT_TO,27,0,y3286,MANY_SEATS_AVAILABLE,REVENUE,23,428,64460104
delay,,1733940928000000000,IN_TRANSIT_TO,29,0,y3286,MANY_SEATS_AVAILABLE,REVENUE,23,334,64460104
delay,,1733941050000000000,STOPPED_AT,1,0,y3286,MANY_SEATS_AVAILABLE,REVENUE,23,334,64458643
delay,,1733941171000000000,STOPPED_AT,1,0,y3286,MANY_SEATS_AVAILABLE,REVENUE,23,334,64458643
delay,,1733941293000000000,STOPPED_AT,1,0,y3286,MANY_SEATS_AVAILABLE,REVENUE,23,334,64458643
delay,,1733941414000000000,STOPPED_AT,1,0,y3286,MANY_SEATS_AVAILABLE,REVENUE,23,334,64458643
delay,,1733941536000000000,STOPPED_AT,1,0,y3286,MANY_SEATS_AVAILABLE,REVENUE,23,334,64458643
delay,,1733941657000000000,STOPPED_AT,1,0,y3286,MANY_SEATS_AVAILABLE,REVENUE,23,334,64458643
delay,,1733941779000000000,STOPPED_AT,1,0,y3286,MANY_SEATS_AVAILABLE,REVENUE,23,334,64458643
delay,,1733941900000000000,STOPPED_AT,1,0,y3286,MANY_SEATS_AVAILABLE,REVENUE,23,334,64458643
delay,,1733942022000000000,IN_TRANSIT_TO,2,63,y3286,MANY_SEATS_AVAILABLE,REVENUE,23,367,64458643
delay,,1733942265000000000,STOPPED_AT,6,0,y3286,MANY_SEATS_AVAILABLE,REVENUE,23,458,64458643
delay,,1733942386000000000,IN_TRANSIT_TO,9,0,y3286,MANY_SEATS_AVAILABLE,REVENUE,23,463,64458643
delay,,1733942508000000000,STOPPED_AT,10,28,y3286,MANY_SEATS_AVAILABLE,REVENUE,23,465,64458643
delay,,1733942629000000000,STOPPED_AT,12,0,y3286,MANY_SEATS_AVAILABLE,REVENUE,23,473,64458643
delay,,1733942751000000000,STOPPED_AT,15,0,y3286,MANY_SEATS_AVAILABLE,REVENUE,23,386,64458643
delay,,1733942872000000000,IN_TRANSIT_TO,19,0,y3286,MANY_SEATS_AVAILABLE,REVENUE,23,392,64458643
delay,,1733942994000000000,STOPPED_AT,20,0,y3286,MANY_SEATS_AVAILABLE,REVENUE,23,393,64458643
delay,,1733943115000000000,STOPPED_AT,22,0,y3286,MANY_SEATS_AVAILABLE,REVENUE,23,395,64458643
delay,,1733943237000000000,IN_TRANSIT_TO,25,0,y3286,MANY_SEATS_AVAILABLE,REVENUE,23,64000,64458643
delay,,1733943358000000000,IN_TRANSIT_TO,26,0,y3286,MANY_SEATS_AVAILABLE,REVENUE,23,1148,64458643
delay,,1733943480000000000,STOPPED_AT,27,0,y3286,MANY_SEATS_AVAILABLE,REVENUE,23,11149,64458643
delay,,1733943601000000000,IN_TRANSIT_TO,31,0,y3286,MANY_SEATS_AVAILABLE,REVENUE,23,17861,64458643
delay,,1733943723000000000,IN_TRANSIT_TO,31,0,y3286,MANY_SEATS_AVAILABLE,REVENUE,23,17861,64458643
delay,,1733943845000000000,STOPPED_AT,20,0,y1905,MANY_SEATS_AVAILABLE,REVENUE,23,393,64462891
delay,,1733943967000000000,STOPPED_AT,23,0,y1905,MANY_SEATS_AVAILABLE,REVENUE,23,396,64462891
delay,,1733944088000000000,STOPPED_AT,25,0,y1905,MANY_SEATS_AVAILABLE,REVENUE,23,64000,64462891
delay,,1733944210000000000,IN_TRANSIT_TO,26,27,y1905,MANY_SEATS_AVAILABLE,REVENUE,23,1148,64462891
delay,,1733944331000000000,STOPPED_AT,29,0,y1905,MANY_SEATS_AVAILABLE,REVENUE,23,21148,64462891
delay,,1733944453000000000,IN_TRANSIT_TO,31,11,y1905,MANY_SEATS_AVAILABLE,REVENUE,23,17861,64462891
delay,,1733944574000000000,STOPPED_AT,1,0,y1905,MANY_SEATS_AVAILABLE,REVENUE,23,17862,64464381
delay,,1733944696000000000,STOPPED_AT,1,0,y1905,MANY_SEATS_AVAILABLE,REVENUE,23,17862,64464381
delay,,1733944817000000000,STOPPED_AT,1,0,y1905,MANY_SEATS_AVAILABLE,REVENUE,23,17862,64464381
delay,,1733944939000000000,IN_TRANSIT_TO,2,121,y1905,MANY_SEATS_AVAILABLE,REVENUE,23,11257,64464381
delay,,1733945060000000000,IN_TRANSIT_TO,2,0,y1905,MANY_SEATS_AVAILABLE,REVENUE,23,11257,64464381
delay,,1733945182000000000,IN_TRANSIT_TO,2,12,y1905,MANY_SEATS_AVAILABLE,REVENUE,23,11257,64464381
delay,,1733945303000000000,IN_TRANSIT_TO,5,5,y1905,FEW_SEATS_AVAILABLE,REVENUE,23,11259,64464381
delay,,1733945546000000000,IN_TRANSIT_TO,6,157,y1905,FEW_SEATS_AVAILABLE,REVENUE,23,64000,64464381
delay,,1733945668000000000,IN_TRANSIT_TO,7,275,y1905,FEW_SEATS_AVAILABLE,REVENUE,23,40001,64464381
delay,,1733945789000000000,IN_TRANSIT_TO,7,261,y1905,FEW_SEATS_AVAILABLE,REVENUE,23,40001,64464381
delay,,1733946032000000000,IN_TRANSIT_TO,10,379,y1905,FEW_SEATS_AVAILABLE,REVENUE,23,405,64464381
delay,,1733946154000000000,STOPPED_AT,12,377,y1905,FEW_SEATS_AVAILABLE,REVENUE,23,407,64464381
delay,,1733946397000000000,IN_TRANSIT_TO,16,442,y1905,FEW_SEATS_AVAILABLE,REVENUE,23,471,64464381
delay,,1733946640000000000,STOPPED_AT,19,387,y1905,FEW_SEATS_AVAILABLE,REVENUE,23,475,64464381
delay,,1733946762000000000,IN_TRANSIT_TO,21,336,y1905,FEW_SEATS_AVAILABLE,REVENUE,23,478,64464381
delay,,1733946883000000000,STOPPED_AT,23,329,y1905,FEW_SEATS_AVAILABLE,REVENUE,23,482,64464381
delay,,1733947005000000000,IN_TRANSIT_TO,26,255,y1905,FEW_SEATS_AVAILABLE,REVENUE,23,426,64464381
delay,,1733947126000000000,IN_TRANSIT_TO,28,230,y1905,MANY_SEATS_AVAILABLE,REVENUE,23,430,64464381
delay,,1733947249000000000,IN_TRANSIT_TO,31,0,y1902,MANY_SEATS_AVAILABLE,REVENUE,23,17861,64462893
delay,,1733947370000000000,STOPPED_AT,1,0,y1902,MANY_SEATS_AVAILABLE,REVENUE,23,17862,64464397
delay,,1733947492000000000,STOPPED_AT,1,0,y1902,MANY_SEATS_AVAILABLE,REVENUE,23,17862,64464397
delay,,1733947613000000000,STOPPED_AT,1,0,y1902,MANY_SEATS_AVAILABLE,REVENUE,23,17862,64464397
delay,,1733947735000000000,STOPPED_AT,1,0,y1902,MANY_SEATS_AVAILABLE,REVENUE,23,17862,64464397
delay,,1733947856000000000,STOPPED_AT,1,0,y1902,MANY_SEATS_AVAILABLE,REVENUE,23,17862,64464397
delay,,1733947978000000000,STOPPED_AT,1,0,y1902,MANY_SEATS_AVAILABLE,REVENUE,23,17862,64464397
delay,,1733948099000000000,STOPPED_AT,1,0,y1902,MANY_SEATS_AVAILABLE,REVENUE,23,17862,64464397
delay,,1733948221000000000,STOPPED_AT,1,0,y1902,MANY_SEATS_AVAILABLE,REVENUE,23,17862,64464397
delay,,1733948342000000000,IN_TRANSIT_TO,2,0,y1902,MANY_SEATS_AVAILABLE,REVENUE,23,11257,64464397
delay,,1733948464000000000,IN_TRANSIT_TO,2,0,y1902,MANY_SEATS_AVAILABLE,REVENUE,23,11257,64464397
delay,,1733948585000000000,STOPPED_AT,3,0,y1902,MANY_SEATS_AVAILABLE,REVENUE,23,1259,64464397
delay,,1733948707000000000,STOPPED_AT,5,0,y1902,FEW_SEATS_AVAILABLE,REVENUE,23,11259,64464397
delay,,1733948828000000000,IN_TRANSIT_TO,6,36,y1902,FEW_SEATS_AVAILABLE,REVENUE,23,64000,64464397
delay,,1733948950000000000,IN_TRANSIT_TO,7,110,y1902,FEW_SEATS_AVAILABLE,REVENUE,23,40001,64464397
delay,,1733949071000000000,IN_TRANSIT_TO,7,122,y1902,FEW_SEATS_AVAILABLE,REVENUE,23,40001,64464397
delay,,1733949193000000000,IN_TRANSIT_TO,10,63,y1902,FEW_SEATS_AVAILABLE,REVENUE,23,405,64464397
delay,,1733949557000000000,IN_TRANSIT_TO,16,73,y1902,FEW_SEATS_AVAILABLE,REVENUE,23,471,64464397
delay,,1733949679000000000,IN_TRANSIT_TO,17,188,y1902,FEW_SEATS_AVAILABLE,REVENUE,23,472,64464397
delay,,1733949922000000000,STOPPED_AT,21,129,y1902,FEW_SEATS_AVAILABLE,REVENUE,23,478,64464397
delay,,1733950043000000000,STOPPED_AT,23,128,y1902,FEW_SEATS_AVAILABLE,REVENUE,23,482,64464397
delay,,1733950165000000000,STOPPED_AT,25,191,y1902,FEW_SEATS_AVAILABLE,REVENUE,23,485,64464397
delay,,1733950408000000000,IN_TRANSIT_TO,29,247,y1902,FEW_SEATS_AVAILABLE,REVENUE,23,334,64464397
delay,,1733950529000000000,STOPPED_AT,1,0,y1902,FEW_SEATS_AVAILABLE,REVENUE,23,334,64462898
delay,,1733950651000000000,STOPPED_AT,1,0,y1902,FEW_SEATS_AVAILABLE,REVENUE,23,334,64462898
delay,,1733950772000000000,IN_TRANSIT_TO,3,28,y1902,MANY_SEATS_AVAILABLE,REVENUE,23,369,64462898
delay,,1733950894000000000,IN_TRANSIT_TO,5,46,y1902,MANY_SEATS_AVAILABLE,REVENUE,23,457,64462898
delay,,1733951015000000000,IN_TRANSIT_TO,7,95,y1902,MANY_SEATS_AVAILABLE,REVENUE,23,460,64462898
delay,,1733951259000000000,IN_TRANSIT_TO,11,163,y1902,FEW_SEATS_AVAILABLE,REVENUE,23,467,64462898
delay,,1733951745000000000,STOPPED_AT,18,210,y1902,FEW_SEATS_AVAILABLE,REVENUE,23,390,64462898
delay,,1733951866000000000,STOPPED_AT,20,265,y1902,FEW_SEATS_AVAILABLE,REVENUE,23,393,64462898
delay,,1733951988000000000,IN_TRANSIT_TO,24,247,y1902,MANY_SEATS_AVAILABLE,REVENUE,23,21151,64462898
delay,,1733952109000000000,STOPPED_AT,25,274,y1902,MANY_SEATS_AVAILABLE,REVENUE,23,64000,64462898
delay,,1733952231000000000,IN_TRANSIT_TO,26,346,y1902,MANY_SEATS_AVAILABLE,REVENUE,23,1148,64462898
delay,,1733952352000000000,STOPPED_AT,29,340,y1902,MANY_SEATS_AVAILABLE,REVENUE,23,21148,64462898
delay,,1733952474000000000,IN_TRANSIT_TO,31,315,y1902,MANY_SEATS_AVAILABLE,REVENUE,23,17861,64462898
delay,,1733952596000000000,STOPPED_AT,1,0,y1897,FEW_SEATS_AVAILABLE,REVENUE,23,17862,64464413
delay,,1733952718000000000,IN_TRANSIT_TO,2,21,y1897,MANY_SEATS_AVAILABLE,REVENUE,23,11257,64464413
delay,,1733952839000000000,IN_TRANSIT_TO,2,0,y1897,MANY_SEATS_AVAILABLE,REVENUE,23,11257,64464413
delay,,1733952961000000000,IN_TRANSIT_TO,5,3,y1897,MANY_SEATS_AVAILABLE,REVENUE,23,11259,64464413
delay,,1733953082000000000,IN_TRANSIT_TO,6,34,y1897,MANY_SEATS_AVAILABLE,REVENUE,23,64000,64464413
delay,,1733953204000000000,IN_TRANSIT_TO,7,111,y1897,MANY_SEATS_AVAILABLE,REVENUE,23,40001,64464413
delay,,1733953325000000000,IN_TRANSIT_TO,7,144,y1897,MANY_SEATS_AVAILABLE,REVENUE,23,40001,64464413
delay,,1733953447000000000,IN_TRANSIT_TO,7,218,y1897,MANY_SEATS_AVAILABLE,REVENUE,23,40001,64464413
delay,,1733953933000000000,IN_TRANSIT_TO,16,289,y1897,MANY_SEATS_AVAILABLE,REVENUE,23,471,64464413
delay,,1733954054000000000,STOPPED_AT,17,361,y1897,MANY_SEATS_AVAILABLE,REVENUE,23,472,64464413
delay,,1733954176000000000,STOPPED_AT,19,310,y1897,MANY_SEATS_AVAILABLE,REVENUE,23,475,64464413
delay,,1733954297000000000,STOPPED_AT,22,245,y1897,MANY_SEATS_AVAILABLE,REVENUE,23,480,64464413
delay,,1733954419000000000,STOPPED_AT,24,297,y1897,MANY_SEATS_AVAILABLE,REVENUE,23,483,64464413
delay,,1733954540000000000,IN_TRANSIT_TO,26,286,y1897,MANY_SEATS_AVAILABLE,REVENUE,23,426,64464413
delay,,1733954662000000000,IN_TRANSIT_TO,29,313,y1897,MANY_SEATS_AVAILABLE,REVENUE,23,334,64464413
delay,,1733954783000000000,STOPPED_AT,1,0,y1897,MANY_SEATS_AVAILABLE,REVENUE,23,334,64462913
delay,,1733954905000000000,STOPPED_AT,1,0,y1897,MANY_SEATS_AVAILABLE,REVENUE,23,334,64462913
delay,,1733955026000000000,STOPPED_AT,1,0,y1897,MANY_SEATS_AVAILABLE,REVENUE,23,334,64462913
delay,,1733955634000000000,STOPPED_AT,9,194,y1897,MANY_SEATS_AVAILABLE,REVENUE,23,463,64462913
delay,,1733955755000000000,STOPPED_AT,11,259,y1897,MANY_SEATS_AVAILABLE,REVENUE,23,467,64462913
delay,,1733955998000000000,IN_TRANSIT_TO,15,277,y1897,MANY_SEATS_AVAILABLE,REVENUE,23,386,64462913
delay,,1733956363000000000,IN_TRANSIT_TO,25,248,y1897,MANY_SEATS_AVAILABLE,REVENUE,23,64000,64462913
delay,,1733956484000000000,IN_TRANSIT_TO,26,356,y1897,MANY_SEATS_AVAILABLE,REVENUE,23,1148,64462913
delay,,1733956606000000000,IN_TRANSIT_TO,26,374,y1897,MANY_SEATS_AVAILABLE,REVENUE,23,1148,64462913
delay,,1733956727000000000,IN_TRANSIT_TO,28,453,y1897,MANY_SEATS_AVAILABLE,REVENUE,23,11148,64462913
delay,,1733956849000000000,IN_TRANSIT_TO,31,580,y1897,MANY_SEATS_AVAILABLE,REVENUE,23,17861,64462913
delay,,1733956970000000000,IN_TRANSIT_TO,31,608,y1897,MANY_SEATS_AVAILABLE,REVENUE,23,17861,64462913
delay,,1733957092000000000,STOPPED_AT,1,272,y1897,MANY_SEATS_AVAILABLE,REVENUE,23,17862,64464431
delay,,1733957213000000000,IN_TRANSIT_TO,2,300,y1897,MANY_SEATS_AVAILABLE,REVENUE,23,11257,64464431
delay,,1733957335000000000,IN_TRANSIT_TO,2,309,y1897,MANY_SEATS_AVAILABLE,REVENUE,23,11257,64464431
delay,,1733957456000000000,STOPPED_AT,2,400,y1897,MANY_SEATS_AVAILABLE,REVENUE,23,11257,64464431
delay,,1733957578000000000,IN_TRANSIT_TO,6,324,y1897,MANY_SEATS_AVAILABLE,REVENUE,23,64000,64464431
delay,,1733957821000000000,IN_TRANSIT_TO,7,443,y1897,MANY_SEATS_AVAILABLE,REVENUE,23,40001,64464431
delay,,1733957942000000000,IN_TRANSIT_TO,10,418,y1897,MANY_SEATS_AVAILABLE,REVENUE,23,405,64464431
delay,,1733958185000000000,STOPPED_AT,15,471,y1897,MANY_SEATS_AVAILABLE,REVENUE,23,412,64464431
delay,,1733958307000000000,STOPPED_AT,16,478,y1897,MANY_SEATS_AVAILABLE,REVENUE,23,471,64464431
delay,,1733958550000000000,STOPPED_AT,21,471,y1897,MANY_SEATS_AVAILABLE,REVENUE,23,478,64464431
delay,,1733958671000000000,IN_TRANSIT_TO,25,447,y1897,MANY_SEATS_AVAILABLE,REVENUE,23,485,64464431
delay,,1733958793000000000,STOPPED_AT,26,481,y1897,MANY_SEATS_AVAILABLE,REVENUE,23,426,64464431
delay,,1733959037000000000,IN_TRANSIT_TO,21,28,y1911,MANY_SEATS_AVAILABLE,REVENUE,23,478,64464435
delay,,1733959158000000000,IN_TRANSIT_TO,23,30,y1911,MANY_SEATS_AVAILABLE,REVENUE,23,482,64464435
delay,,1733959401000000000,IN_TRANSIT_TO,28,17,y1911,MANY_SEATS_AVAILABLE,REVENUE,23,430,64464435
delay,,1733959523000000000,STOPPED_AT,1,0,y1911,MANY_SEATS_AVAILABLE,REVENUE,23,334,64462921
delay,,1733959644000000000,STOPPED_AT,1,0,y1911,MANY_SEATS_AVAILABLE,REVENUE,23,334,64462921
delay,,1733959766000000000,IN_TRANSIT_TO,2,75,y1911,MANY_SEATS_AVAILABLE,REVENUE,23,367,64462921
delay,,1733959887000000000,IN_TRANSIT_TO,4,81,y1911,MANY_SEATS_AVAILABLE,REVENUE,23,371,64462921
delay,,1733960009000000000,STOPPED_AT,6,68,y1911,MANY_SEATS_AVAILABLE,REVENUE,23,458,64462921
delay,,1733960130000000000,IN_TRANSIT_TO,9,103,y1911,MANY_SEATS_AVAILABLE,REVENUE,23,463,64462921
delay,,1733960252000000000,IN_TRANSIT_TO,12,105,y1911,MANY_SEATS_AVAILABLE,REVENUE,23,473,64462921
delay,,1733960373000000000,STOPPED_AT,14,164,y1911,MANY_SEATS_AVAILABLE,REVENUE,23,470,64462921
delay,,1733960495000000000,IN_TRANSIT_TO,15,158,y1911,MANY_SEATS_AVAILABLE,REVENUE,23,386,64462921
delay,,1733960616000000000,IN_TRANSIT_TO,18,150,y1911,MANY_SEATS_AVAILABLE,REVENUE,23,390,64462921
delay,,1733960738000000000,IN_TRANSIT_TO,22,161,y1911,MANY_SEATS_AVAILABLE,REVENUE,23,395,64462921
delay,,1733960859000000000,IN_TRANSIT_TO,25,104,y1911,MANY_SEATS_AVAILABLE,REVENUE,23,64000,64462921
delay,,1733960981000000000,IN_TRANSIT_TO,26,236,y1911,MANY_SEATS_AVAILABLE,REVENUE,23,1148,64462921
delay,,1733961102000000000,STOPPED_AT,28,205,y1911,MANY_SEATS_AVAILABLE,REVENUE,23,11148,64462921
delay,,1733961345000000000,IN_TRANSIT_TO,31,405,y1911,MANY_SEATS_AVAILABLE,REVENUE,23,17861,64462921
delay,,1733961467000000000,STOPPED_AT,1,102,y1911,MANY_SEATS_AVAILABLE,REVENUE,23,17862,64464450
delay,,1733961588000000000,STOPPED_AT,1,212,y1911,MANY_SEATS_AVAILABLE,REVENUE,23,17862,64464450
delay,,1733961710000000000,IN_TRANSIT_TO,2,195,y1911,MANY_SEATS_AVAILABLE,REVENUE,23,11257,64464450
delay,,1733961831000000000,IN_TRANSIT_TO,2,225,y1911,MANY_SEATS_AVAILABLE,REVENUE,23,11257,64464450
delay,,1733962074000000000,IN_TRANSIT_TO,6,273,y1911,FEW_SEATS_AVAILABLE,REVENUE,23,64000,64464450
delay,,1733962196000000000,STOPPED_AT,6,325,y1911,FEW_SEATS_AVAILABLE,REVENUE,23,64000,64464450
delay,,1733962317000000000,IN_TRANSIT_TO,7,413,y1911,FEW_SEATS_AVAILABLE,REVENUE,23,40001,64464450
delay,,1733962439000000000,IN_TRANSIT_TO,10,359,y1911,FEW_SEATS_AVAILABLE,REVENUE,23,405,64464450
delay,,1733962803000000000,IN_TRANSIT_TO,16,423,y1911,FEW_SEATS_AVAILABLE,REVENUE,23,471,64464450
delay,,1733962925000000000,STOPPED_AT,19,407,y1911,MANY_SEATS_AVAILABLE,REVENUE,23,475,64464450
delay,,1733963168000000000,IN_TRANSIT_TO,25,429,y1911,MANY_SEATS_AVAILABLE,REVENUE,23,485,64464450
delay,,1733963289000000000,STOPPED_AT,27,414,y1911,MANY_SEATS_AVAILABLE,REVENUE,23,428,64464450
delay,,1733963411000000000,STOPPED_AT,1,224,y1911,MANY_SEATS_AVAILABLE,REVENUE,23,334,64462928
delay,,1733963532000000000,IN_TRANSIT_TO,2,251,y1911,MANY_SEATS_AVAILABLE,REVENUE,23,367,64462928
delay,,1733963654000000000,IN_TRANSIT_TO,5,207,y1911,MANY_SEATS_AVAILABLE,REVENUE,23,457,64462928
delay,,1733963775000000000,IN_TRANSIT_TO,9,139,y1911,MANY_SEATS_AVAILABLE,REVENUE,23,463,64462928
delay,,1733964018000000000,STOPPED_AT,15,69,y1911,MANY_SEATS_AVAILABLE,REVENUE,23,386,64462928
delay,,1733964383000000000,IN_TRANSIT_TO,25,23,y1911,MANY_SEATS_AVAILABLE,REVENUE,23,64000,64462928
delay,,1733964504000000000,IN_TRANSIT_TO,26,161,y1911,MANY_SEATS_AVAILABLE,REVENUE,23,1148,64462928
delay,,1733964626000000000,IN_TRANSIT_TO,26,182,y1911,MANY_SEATS_AVAILABLE,REVENUE,23,1148,64462928
delay,,1733964747000000000,IN_TRANSIT_TO,30,208,y1911,MANY_SEATS_AVAILABLE,REVENUE,23,1224,64462928
delay,,1733964869000000000,IN_TRANSIT_TO,31,319,y1911,MANY_SEATS_AVAILABLE,REVENUE,23,17861,64462928
delay,,1733964990000000000,STOPPED_AT,1,13,y1911,MANY_SEATS_AVAILABLE,REVENUE,23,17862,64464458
delay,,1733965112000000000,IN_TRANSIT_TO,2,67,y1911,MANY_SEATS_AVAILABLE,REVENUE,23,11257,64464458
delay,,1733965233000000000,IN_TRANSIT_TO,2,122,y1911,MANY_SEATS_AVAILABLE,REVENUE,23,11257,64464458
delay,,1733965355000000000,IN_TRANSIT_TO,4,143,y1911,MANY_SEATS_AVAILABLE,REVENUE,23,11323,64464458
delay,,1733965719000000000,IN_TRANSIT_TO,7,314,y1911,MANY_SEATS_AVAILABLE,REVENUE,23,40001,64464458
delay,,1733965841000000000,STOPPED_AT,9,271,y1911,MANY_SEATS_AVAILABLE,REVENUE,23,404,64464458
delay,,1733966205000000000,IN_TRANSIT_TO,19,166,y1911,MANY_SEATS_AVAILABLE,REVENUE,23,475,64464458
delay,,1733966327000000000,IN_TRANSIT_TO,21,235,y1911,MANY_SEATS_AVAILABLE,REVENUE,23,478,64464458
delay,,1733966570000000000,IN_TRANSIT_TO,27,159,y1911,MANY_SEATS_AVAILABLE,REVENUE,23,428,64464458
delay,,1733966691000000000,IN_TRANSIT_TO,29,252,y1911,MANY_SEATS_AVAILABLE,REVENUE,23,334,64464458
delay,,1733966813000000000,IN_TRANSIT_TO,7,253,y1869,MANY_SEATS_AVAILABLE,REVENUE,23,40001,64464462
delay,,1733966935000000000,IN_TRANSIT_TO,7,280,y1869,MANY_SEATS_AVAILABLE,REVENUE,23,40001,64464462
delay,,1733967056000000000,STOPPED_AT,11,226,y1869,MANY_SEATS_AVAILABLE,REVENUE,23,406,64464462
delay,,1733967178000000000,IN_TRANSIT_TO,16,54,y1869,MANY_SEATS_AVAILABLE,REVENUE,23,471,64464462
delay,,1733967299000000000,IN_TRANSIT_TO,19,59,y1869,MANY_SEATS_AVAILABLE,REVENUE,23,475,64464462
delay,,1733967421000000000,IN_TRANSIT_TO,23,0,y1869,MANY_SEATS_AVAILABLE,REVENUE,23,482,64464462
delay,,1733967542000000000,IN_TRANSIT_TO,26,5,y1869,MANY_SEATS_AVAILABLE,REVENUE,23,426,64464462
delay,,1733967785000000000,IN_TRANSIT_TO,29,96,y1869,MANY_SEATS_AVAILABLE,REVENUE,23,334,64464462
delay,,1733968029000000000,IN_TRANSIT_TO,15,1710,y1837,MANY_SEATS_AVAILABLE,REVENUE,23,386,64462929
delay,,1733968394000000000,IN_TRANSIT_TO,24,1691,y1837,MANY_SEATS_AVAILABLE,REVENUE,23,21151,64462929
delay,,1733968515000000000,IN_TRANSIT_TO,26,1729,y1837,MANY_SEATS_AVAILABLE,REVENUE,23,1148,64462929
delay,,1733977274000000000,STOPPED_AT,1,0,y1808,MANY_SEATS_AVAILABLE,REVENUE,23,17862,64464111
delay,,1733977395000000000,STOPPED_AT,1,0,y1808,MANY_SEATS_AVAILABLE,REVENUE,23,17862,64464111
delay,,1733977517000000000,STOPPED_AT,1,0,y1808,MANY_SEATS_AVAILABLE,REVENUE,23,17862,64464111
delay,,1733977638000000000,STOPPED_AT,1,0,y1808,MANY_SEATS_AVAILABLE,REVENUE,23,17862,64464111
delay,,1733977760000000000,STOPPED_AT,1,0,y1808,MANY_SEATS_AVAILABLE,REVENUE,23,17862,64464111
delay,,1733977881000000000,STOPPED_AT,1,0,y1808,MANY_SEATS_AVAILABLE,REVENUE,23,17862,64464111
delay,,1733978003000000000,STOPPED_AT,1,0,y1808,MANY_SEATS_AVAILABLE,REVENUE,23,17862,64464111
delay,,1733978124000000000,STOPPED_AT,1,0,y1808,MANY_SEATS_AVAILABLE,REVENUE,23,17862,64464111
delay,,1733978246000000000,STOPPED_AT,1,0,y1808,MANY_SEATS_AVAILABLE,REVENUE,23,17862,64464111
delay,,1733978367000000000,STOPPED_AT,1,0,y1808,MANY_SEATS_AVAILABLE,REVENUE,23,17862,64464111
delay,,1733978489000000000,STOPPED_AT,1,0,y1808,MANY_SEATS_AVAILABLE,REVENUE,23,17862,64464111
delay,,1733978610000000000,STOPPED_AT,1,0,y1808,MANY_SEATS_AVAILABLE,REVENUE,23,17862,64464111
delay,,1733978732000000000,STOPPED_AT,1,0,y1808,MANY_SEATS_AVAILABLE,REVENUE,23,17862,64464111
delay,,1733978853000000000,STOPPED_AT,1,0,y1808,MANY_SEATS_AVAILABLE,REVENUE,23,17862,64464111
delay,,1733978975000000000,STOPPED_AT,1,0,y1808,MANY_SEATS_AVAILABLE,REVENUE,23,17862,64464111
delay,,1733979096000000000,IN_TRANSIT_TO,2,0,y1808,MANY_SEATS_AVAILABLE,REVENUE,23,11257,64464111
delay,,1733979218000000000,IN_TRANSIT_TO,2,41,y1808,MANY_SEATS_AVAILABLE,REVENUE,23,11257,64464111
delay,,1733979339000000000,IN_TRANSIT_TO,6,88,y1808,MANY_SEATS_AVAILABLE,REVENUE,23,64000,64464111
delay,,1733979461000000000,IN_TRANSIT_TO,7,170,y1808,MANY_SEATS_AVAILABLE,REVENUE,23,40001,64464111
delay,,1733979947000000000,IN_TRANSIT_TO,16,167,y1808,FEW_SEATS_AVAILABLE,REVENUE,23,471,64464111
delay,,1733980068000000000,IN_TRANSIT_TO,19,219,y1808,FEW_SEATS_AVAILABLE,REVENUE,23,475,64464111
delay,,1733980190000000000,STOPPED_AT,21,225,y1808,FEW_SEATS_AVAILABLE,REVENUE,23,478,64464111
delay,,1733980311000000000,STOPPED_AT,24,198,y1808,FEW_SEATS_AVAILABLE,REVENUE,23,483,64464111
delay,,1733980676000000000,STOPPED_AT,1,133,y1808,MANY_SEATS_AVAILABLE,REVENUE,23,334,64462752
delay,,1733980919000000000,STOPPED_AT,5,100,y1808,MANY_SEATS_AVAILABLE,REVENUE,23,457,64462752
delay,,1733981040000000000,IN_TRANSIT_TO,9,47,y1808,MANY_SEATS_AVAILABLE,REVENUE,23,463,64462752
delay,,1733981162000000000,IN_TRANSIT_TO,12,2,y1808,MANY_SEATS_AVAILABLE,REVENUE,23,473,64462752
delay,,1733981283000000000,IN_TRANSIT_TO,15,48,y1808,FEW_SEATS_AVAILABLE,REVENUE,23,386,64462752
delay,,1733981405000000000,IN_TRANSIT_TO,18,10,y1808,FEW_SEATS_AVAILABLE,REVENUE,23,390,64462752
delay,,1733981526000000000,STOPPED_AT,21,0,y1808,FEW_SEATS_AVAILABLE,REVENUE,23,394,64462752
delay,,1733981648000000000,IN_TRANSIT_TO,25,0,y1808,FEW_SEATS_AVAILABLE,REVENUE,23,64000,64462752
delay,,1733981769000000000,IN_TRANSIT_TO,26,76,y1808,FEW_SEATS_AVAILABLE,REVENUE,23,1148,64462752
delay,,1733981891000000000,IN_TRANSIT_TO,26,144,y1808,FEW_SEATS_AVAILABLE,REVENUE,23,1148,64462752
delay,,1733982012000000000,IN_TRANSIT_TO,30,124,y1808,MANY_SEATS_AVAILABLE,REVENUE,23,1224,64462752
delay,,1733982134000000000,STOPPED_AT,1,0,y1808,MANY_SEATS_AVAILABLE,REVENUE,23,17862,64464122
delay,,1733982255000000000,STOPPED_AT,1,0,y1808,MANY_SEATS_AVAILABLE,REVENUE,23,17862,64464122
delay,,1733982377000000000,STOPPED_AT,1,0,y1808,MANY_SEATS_AVAILABLE,REVENUE,23,17862,64464122
delay,,1733982499000000000,STOPPED_AT,1,7,y1808,MANY_SEATS_AVAILABLE,REVENUE,23,17862,64464122
delay,,1733982620000000000,STOPPED_AT,1,128,y1808,MANY_SEATS_AVAILABLE,REVENUE,23,17862,64464122
delay,,1733982742000000000,IN_TRANSIT_TO,2,126,y1808,MANY_SEATS_AVAILABLE,REVENUE,23,11257,64464122
delay,,1733982863000000000,IN_TRANSIT_TO,2,183,y1808,MANY_SEATS_AVAILABLE,REVENUE,23,11257,64464122
delay,,1733983106000000000,IN_TRANSIT_TO,6,312,y1808,MANY_SEATS_AVAILABLE,REVENUE,23,64000,64464122
delay,,1733983349000000000,IN_TRANSIT_TO,7,493,y1808,MANY_SEATS_AVAILABLE,REVENUE,23,40001,64464122
delay,,1733983471000000000,IN_TRANSIT_TO,7,517,y1808,MANY_SEATS_AVAILABLE,REVENUE,23,40001,64464122
delay,,1733983714000000000,IN_TRANSIT_TO,12,614,y1808,MANY_SEATS_AVAILABLE,REVENUE,23,407,64464122
delay,,1733983957000000000,IN_TRANSIT_TO,16,612,y1808,MANY_SEATS_AVAILABLE,REVENUE,23,471,64464122
delay,,1733984201000000000,STOPPED_AT,19,737,y1808,MANY_SEATS_AVAILABLE,REVENUE,23,475,64464122
delay,,1733984322000000000,IN_TRANSIT_TO,22,698,y1808,MANY_SEATS_AVAILABLE,REVENUE,23,480,64464122
delay,,1733984565000000000,IN_TRANSIT_TO,27,654,y1808,MANY_SEATS_AVAILABLE,REVENUE,23,428,64464122
delay,,1733984687000000000,STOPPED_AT,1,93,y1808,MANY_SEATS_AVAILABLE,REVENUE,23,334,64462770
delay,,1733984808000000000,IN_TRANSIT_TO,2,162,y1808,MANY_SEATS_AVAILABLE,REVENUE,23,367,64462770
delay,,1733985052000000000,IN_TRANSIT_TO,5,153,y1808,FEW_SEATS_AVAILABLE,REVENUE,23,457,64462770
delay,,1733985295000000000,STOPPED_AT,9,94,y1808,FEW_SEATS_AVAILABLE,REVENUE,23,463,64462770
delay,,1733985417000000000,IN_TRANSIT_TO,11,59,y1808,FEW_SEATS_AVAILABLE,REVENUE,23,467,64462770
delay,,1733985538000000000,STOPPED_AT,12,99,y1808,FEW_SEATS_AVAILABLE,REVENUE,23,473,64462770
delay,,1733985781000000000,IN_TRANSIT_TO,15,167,y1808,FEW_SEATS_AVAILABLE,REVENUE,23,386,64462770
delay,,1733986268000000000,STOPPED_AT,23,0,y1808,FEW_SEATS_AVAILABLE,REVENUE,23,396,64462770
delay,,1733986389000000000,IN_TRANSIT_TO,25,0,y1808,FEW_SEATS_AVAILABLE,REVENUE,23,64000,64462770
delay,,1733986511000000000,IN_TRANSIT_TO,26,93,y1808,FEW_SEATS_AVAILABLE,REVENUE,23,1148,64462770
delay,,1733986632000000000,IN_TRANSIT_TO,26,214,y1808,FEW_SEATS_AVAILABLE,REVENUE,23,1148,64462770
delay,,1733986754000000000,STOPPED_AT,27,189,y1808,FEW_SEATS_AVAILABLE,REVENUE,23,11149,64462770
delay,,1733986875000000000,STOPPED_AT,29,176,y1808,MANY_SEATS_AVAILABLE,REVENUE,23,21148,64462770
delay,,1733986997000000000,IN_TRANSIT_TO,31,249,y1808,MANY_SEATS_AVAILABLE,REVENUE,23,17861,64462770
delay,,1733987118000000000,IN_TRANSIT_TO,31,273,y1808,MANY_SEATS_AVAILABLE,REVENUE,23,17861,64462770
delay,,1733992348000000000,STOPPED_AT,1,951,y1898,FEW_SEATS_AVAILABLE,REVENUE,23,17862,64464934
delay,,1733992469000000000,STOPPED_AT,1,993,y1898,MANY_SEATS_AVAILABLE,REVENUE,23,17862,64464934
delay,,1733992591000000000,IN_TRANSIT_TO,2,1059,y1898,MANY_SEATS_AVAILABLE,REVENUE,23,11257,64464934
delay,,1733992712000000000,IN_TRANSIT_TO,2,998,y1898,MANY_SEATS_AVAILABLE,REVENUE,23,11257,64464934
delay,,1733992834000000000,IN_TRANSIT_TO,5,932,y1898,FEW_SEATS_AVAILABLE,REVENUE,23,11259,64464934
delay,,1733992955000000000,IN_TRANSIT_TO,5,1043,y1898,FEW_SEATS_AVAILABLE,REVENUE,23,11259,64464934
delay,,1733993077000000000,IN_TRANSIT_TO,5,1147,y1898,FEW_SEATS_AVAILABLE,REVENUE,23,11259,64464934
delay,,1733993198000000000,IN_TRANSIT_TO,5,1254,y1898,FEW_SEATS_AVAILABLE,REVENUE,23,11259,64464934
delay,,1733993320000000000,IN_TRANSIT_TO,5,1374,y1898,MANY_SEATS_AVAILABLE,REVENUE,23,11259,64464934
delay,,1733993563000000000,IN_TRANSIT_TO,6,1552,y1898,MANY_SEATS_AVAILABLE,REVENUE,23,64000,64464934
delay,,1733993684000000000,IN_TRANSIT_TO,6,1702,y1898,MANY_SEATS_AVAILABLE,REVENUE,23,64000,64464934
delay,,1733993806000000000,IN_TRANSIT_TO,6,1815,y1898,MANY_SEATS_AVAILABLE,REVENUE,23,64000,64464934
delay,,1733993928000000000,IN_TRANSIT_TO,6,1929,y1898,MANY_SEATS_AVAILABLE,REVENUE,23,64000,64464934
delay,,1733994049000000000,IN_TRANSIT_TO,6,2023,y1898,MANY_SEATS_AVAILABLE,REVENUE,23,64000,64464934
delay,,1733994171000000000,IN_TRANSIT_TO,6,2120,y1898,MANY_SEATS_AVAILABLE,REVENUE,23,64000,64464934
delay,,1733994292000000000,IN_TRANSIT_TO,6,2231,y1898,MANY_SEATS_AVAILABLE,REVENUE,23,64000,64464934
delay,,1733994535000000000,IN_TRANSIT_TO,7,2560,y1898,MANY_SEATS_AVAILABLE,REVENUE,23,40001,64464934
delay,,1733994657000000000,IN_TRANSIT_TO,7,2633,y1898,MANY_SEATS_AVAILABLE,REVENUE,23,40001,64464934
delay,,1733994778000000000,IN_TRANSIT_TO,7,2671,y1898,MANY_SEATS_AVAILABLE,REVENUE,23,40001,64464934
delay,,1733995143000000000,STOPPED_AT,12,2691,y1898,MANY_SEATS_AVAILABLE,REVENUE,23,407,64464934
delay,,1733995265000000000,STOPPED_AT,13,2688,y1898,MANY_SEATS_AVAILABLE,REVENUE,23,410,64464934
delay,,1733995386000000000,IN_TRANSIT_TO,16,2701,y1898,MANY_SEATS_AVAILABLE,REVENUE,23,471,64464934
delay,,1733995508000000000,IN_TRANSIT_TO,16,2765,y1898,MANY_SEATS_AVAILABLE,REVENUE,23,471,64464934
delay,,1733995994000000000,STOPPED_AT,24,2738,y1898,MANY_SEATS_AVAILABLE,REVENUE,23,483,64464934
delay,,1733996115000000000,IN_TRANSIT_TO,26,2807,y1898,MANY_SEATS_AVAILABLE,REVENUE,23,426,64464934
delay,,1733996237000000000,IN_TRANSIT_TO,28,2772,y1898,MANY_SEATS_AVAILABLE,REVENUE,23,430,64464934
delay,,1733996358000000000,STOPPED_AT,1,2399,y1898,MANY_SEATS_AVAILABLE,REVENUE,23,334,64464903
delay,,1733996480000000000,IN_TRANSIT_TO,2,2487,y1898,FEW_SEATS_AVAILABLE,REVENUE,23,367,64464903
delay,,1733996601000000000,IN_TRANSIT_TO,3,2423,y1898,FEW_SEATS_AVAILABLE,REVENUE,23,369,64464903
delay,,1733996723000000000,IN_TRANSIT_TO,5,2467,y1898,FEW_SEATS_AVAILABLE,REVENUE,23,457,64464903
delay,,1733996844000000000,STOPPED_AT,5,2514,y1898,FEW_SEATS_AVAILABLE,REVENUE,23,457,64464903
delay,,1733996966000000000,STOPPED_AT,7,2524,y1898,FEW_SEATS_AVAILABLE,REVENUE,23,460,64464903
delay,,1733997087000000000,STOPPED_AT,9,2515,y1898,FEW_SEATS_AVAILABLE,REVENUE,23,463,64464903
delay,,1733997209000000000,STOPPED_AT,11,2535,y1898,FEW_SEATS_AVAILABLE,REVENUE,23,467,64464903
delay,,1733997573000000000,IN_TRANSIT_TO,15,2694,y1898,FEW_SEATS_AVAILABLE,REVENUE,23,386,64464903
delay,,1733997695000000000,IN_TRANSIT_TO,18,2646,y1898,FEW_SEATS_AVAILABLE,REVENUE,23,390,64464903
delay,,1733997816000000000,IN_TRANSIT_TO,21,2579,y1898,FEW_SEATS_AVAILABLE,REVENUE,23,394,64464903
delay,,1733998059000000000,IN_TRANSIT_TO,25,2454,y1898,FEW_SEATS_AVAILABLE,REVENUE,23,64000,64464903
delay,,1733998181000000000,IN_TRANSIT_TO,25,2549,y1898,FEW_SEATS_AVAILABLE,REVENUE,23,64000,64464903
delay,,1733998302000000000,IN_TRANSIT_TO,26,2778,y1898,FEW_SEATS_AVAILABLE,REVENUE,23,1148,64464903
delay,,1733998424000000000,STOPPED_AT,27,2616,y1898,FEW_SEATS_AVAILABLE,REVENUE,23,11149,64464903
delay,,1733998667000000000,IN_TRANSIT_TO,31,2702,y1898,FEW_SEATS_AVAILABLE,REVENUE,23,17861,64464903
delay,,1733998789000000000,IN_TRANSIT_TO,31,2727,y1898,FEW_SEATS_AVAILABLE,REVENUE,23,17861,64464903
delay,,1733998910000000000,STOPPED_AT,1,2412,y1898,FEW_SEATS_AVAILABLE,REVENUE,23,17862,64464911
delay,,1733999154000000000,IN_TRANSIT_TO,6,664,y1903,MANY_SEATS_AVAILABLE,REVENUE,23,458,64462798
delay,,1733999276000000000,STOPPED_AT,7,749,y1903,MANY_SEATS_AVAILABLE,REVENUE,23,460,64462798
delay,,1733999397000000000,STOPPED_AT,9,751,y1903,MANY_SEATS_AVAILABLE,REVENUE,23,463,64462798
delay,,1733999519000000000,STOPPED_AT,10,823,y1903,MANY_SEATS_AVAILABLE,REVENUE,23,465,64462798
delay,,1733999884000000000,STOPPED_AT,15,884,y1903,MANY_SEATS_AVAILABLE,REVENUE,23,386,64462798
delay,,1734000005000000000,STOPPED_AT,18,829,y1903,MANY_SEATS_AVAILABLE,REVENUE,23,390,64462798
delay,,1734000248000000000,IN_TRANSIT_TO,22,889,y1903,MANY_SEATS_AVAILABLE,REVENUE,23,395,64462798
delay,,1734000370000000000,IN_TRANSIT_TO,24,783,y1903,MANY_SEATS_AVAILABLE,REVENUE,23,21151,64462798
delay,,1734000491000000000,IN_TRANSIT_TO,25,754,y1903,MANY_SEATS_AVAILABLE,REVENUE,23,64000,64462798
delay,,1734000613000000000,IN_TRANSIT_TO,26,849,y1903,MANY_SEATS_AVAILABLE,REVENUE,23,1148,64462798
delay,,1734000734000000000,IN_TRANSIT_TO,26,894,y1903,MANY_SEATS_AVAILABLE,REVENUE,23,1148,64462798
delay,,1734000856000000000,IN_TRANSIT_TO,29,845,y1903,MANY_SEATS_AVAILABLE,REVENUE,23,21148,64462798
delay,,1734001099000000000,IN_TRANSIT_TO,31,939,y1903,MANY_SEATS_AVAILABLE,REVENUE,23,17861,64462798
delay,,1734001220000000000,STOPPED_AT,1,387,y1903,MANY_SEATS_AVAILABLE,REVENUE,23,17862,64464208
delay,,1734001342000000000,STOPPED_AT,1,430,y1903,MANY_SEATS_AVAILABLE,REVENUE,23,17862,64464208
delay,,1734001463000000000,STOPPED_AT,1,550,y1903,MANY_SEATS_AVAILABLE,REVENUE,23,17862,64464208
delay,,1734001585000000000,STOPPED_AT,1,712,y1903,MANY_SEATS_AVAILABLE,REVENUE,23,17862,64464208
delay,,1734001706000000000,STOPPED_AT,1,790,y1903,MANY_SEATS_AVAILABLE,REVENUE,23,17862,64464208
delay,,1734001828000000000,STOPPED_AT,1,970,y1903,MANY_SEATS_AVAILABLE,REVENUE,23,17862,64464208
delay,,1734001949000000000,STOPPED_AT,1,1090,y1903,MANY_SEATS_AVAILABLE,REVENUE,23,17862,64464208
delay,,1734002071000000000,STOPPED_AT,1,1210,y1903,MANY_SEATS_AVAILABLE,REVENUE,23,17862,64464208
delay,,1734002192000000000,STOPPED_AT,1,1313,y1903,MANY_SEATS_AVAILABLE,REVENUE,23,17862,64464208
delay,,1734002314000000000,STOPPED_AT,1,1450,y1903,MANY_SEATS_AVAILABLE,REVENUE,23,17862,64464208
delay,,1734002435000000000,STOPPED_AT,1,1570,y1903,MANY_SEATS_AVAILABLE,REVENUE,23,17862,64464208
delay,,1734002557000000000,STOPPED_AT,1,1690,y1903,MANY_SEATS_AVAILABLE,REVENUE,23,17862,64464208
delay,,1734002678000000000,STOPPED_AT,1,1810,y1903,MANY_SEATS_AVAILABLE,REVENUE,23,17862,64464208
delay,,1734002800000000000,STOPPED_AT,1,1930,y1903,MANY_SEATS_AVAILABLE,REVENUE,23,17862,64464208
delay,,1734003044000000000,IN_TRANSIT_TO,14,714,y1882,FEW_SEATS_AVAILABLE,REVENUE,23,470,64462810
delay,,1734003651000000000,IN_TRANSIT_TO,25,552,y1882,FEW_SEATS_AVAILABLE,REVENUE,23,64000,64462810
delay,,1734003773000000000,IN_TRANSIT_TO,25,589,y1882,FEW_SEATS_AVAILABLE,REVENUE,23,64000,64462810
delay,,1734003894000000000,IN_TRANSIT_TO,26,607,y1882,FEW_SEATS_AVAILABLE,REVENUE,23,1148,64462810
delay,,1734004016000000000,IN_TRANSIT_TO,28,573,y1882,FEW_SEATS_AVAILABLE,REVENUE,23,11148,64462810
delay,,1734004259000000000,IN_TRANSIT_TO,2,0,y1882,FEW_SEATS_AVAILABLE,REVENUE,23,11257,64464226
delay,,1734004381000000000,IN_TRANSIT_TO,2,0,y1882,FEW_SEATS_AVAILABLE,REVENUE,23,11257,64464226
delay,,1734004502000000000,STOPPED_AT,1,383,y1882,FEW_SEATS_AVAILABLE,REVENUE,23,17862,64464226
delay,,1734004624000000000,STOPPED_AT,1,505,y1882,FEW_SEATS_AVAILABLE,REVENUE,23,17862,64464226
delay,,1734004745000000000,STOPPED_AT,1,627,y1882,FEW_SEATS_AVAILABLE,REVENUE,23,17862,64464226
delay,,1734004867000000000,STOPPED_AT,1,749,y1882,FEW_SEATS_AVAILABLE,REVENUE,23,17862,64464226
delay,,1734004988000000000,STOPPED_AT,1,871,y1882,FEW_SEATS_AVAILABLE,REVENUE,23,17862,64464226
delay,,1734005110000000000,STOPPED_AT,1,993,y1882,FEW_SEATS_AVAILABLE,REVENUE,23,17862,64464226
delay,,1734005231000000000,STOPPED_AT,1,1113,y1882,FEW_SEATS_AVAILABLE,REVENUE,23,17862,64464226
delay,,1734005353000000000,IN_TRANSIT_TO,2,1166,y1882,MANY_SEATS_AVAILABLE,REVENUE,23,11257,64464226
delay,,1734005474000000000,IN_TRANSIT_TO,2,1078,y1882,MANY_SEATS_AVAILABLE,REVENUE,23,11257,64464226
delay,,1734005596000000000,IN_TRANSIT_TO,2,1118,y1882,MANY_SEATS_AVAILABLE,REVENUE,23,11257,64464226
delay,,1734005717000000000,IN_TRANSIT_TO,6,1071,y1882,MANY_SEATS_AVAILABLE,REVENUE,23,64000,64464226
delay,,1734005839000000000,IN_TRANSIT_TO,7,1226,y1882,MANY_SEATS_AVAILABLE,REVENUE,23,40001,64464226
delay,,1734005960000000000,IN_TRANSIT_TO,10,787,y1882,MANY_SEATS_AVAILABLE,REVENUE,23,405,64464226
delay,,1734006447000000000,IN_TRANSIT_TO,16,890,y1882,FEW_SEATS_AVAILABLE,REVENUE,23,471,64464226
delay,,1734006690000000000,IN_TRANSIT_TO,20,820,y1882,FEW_SEATS_AVAILABLE,REVENUE,23,477,64464226
delay,,1734006811000000000,STOPPED_AT,22,730,y1882,FEW_SEATS_AVAILABLE,REVENUE,23,480,64464226
delay,,1734006933000000000,STOPPED_AT,23,786,y1882,FEW_SEATS_AVAILABLE,REVENUE,23,482,64464226
delay,,1734007297000000000,IN_TRANSIT_TO,27,944,y1882,FEW_SEATS_AVAILABLE,REVENUE,23,428,64464226
delay,,1734007540000000000,STOPPED_AT,1,645,y1882,MANY_SEATS_AVAILABLE,REVENUE,23,334,64462820
delay,,1734007662000000000,IN_TRANSIT_TO,2,698,y1882,MANY_SEATS_AVAILABLE,REVENUE,23,367,64462820
delay,,1734007783000000000,IN_TRANSIT_TO,3,658,y1882,FEW_SEATS_AVAILABLE,REVENUE,23,369,64462820
delay,,1734008026000000000,IN_TRANSIT_TO,6,716,y1882,FEW_SEATS_AVAILABLE,REVENUE,23,458,64462820
delay,,1734008148000000000,STOPPED_AT,7,812,y1882,FEW_SEATS_AVAILABLE,REVENUE,23,460,64462820
delay,,1734008270000000000,IN_TRANSIT_TO,9,823,y1882,FEW_SEATS_AVAILABLE,REVENUE,23,463,64462820
delay,,1734008391000000000,IN_TRANSIT_TO,11,843,y1882,FEW_SEATS_AVAILABLE,REVENUE,23,467,64462820
delay,,1734008512000000000,IN_TRANSIT_TO,12,941,y1882,FEW_SEATS_AVAILABLE,REVENUE,23,473,64462820
delay,,1734008756000000000,STOPPED_AT,14,1050,y1882,FEW_SEATS_AVAILABLE,REVENUE,23,470,64462820
delay,,1734008877000000000,IN_TRANSIT_TO,15,1100,y1882,FULL,REVENUE,23,386,64462820
delay,,1734008999000000000,IN_TRANSIT_TO,17,1072,y1882,FULL,REVENUE,23,388,64462820
delay,,1734009242000000000,STOPPED_AT,20,1121,y1882,FULL,REVENUE,23,393,64462820
delay,,1734009606000000000,IN_TRANSIT_TO,26,1091,y1882,FULL,REVENUE,23,1148,64462820
delay,,1734009728000000000,IN_TRANSIT_TO,26,1127,y1882,FEW_SEATS_AVAILABLE,REVENUE,23,1148,64462820
delay,,1734009849000000000,STOPPED_AT,29,1006,y1882,FEW_SEATS_AVAILABLE,REVENUE,23,21148,64462820
delay,,1734009971000000000,IN_TRANSIT_TO,31,1061,y1882,FEW_SEATS_AVAILABLE,REVENUE,23,17861,64462820
delay,,1734010092000000000,STOPPED_AT,1,540,y1882,FEW_SEATS_AVAILABLE,REVENUE,23,17862,64464252
delay,,1734010215000000000,STOPPED_AT,6,178,y3278,MANY_SEATS_AVAILABLE,REVENUE,23,458,64458589
delay,,1734010336000000000,STOPPED_AT,7,285,y3278,MANY_SEATS_AVAILABLE,REVENUE,23,460,64458589
delay,,1734010579000000000,STOPPED_AT,11,309,y3278,MANY_SEATS_AVAILABLE,REVENUE,23,467,64458589
delay,,1734010701000000000,IN_TRANSIT_TO,12,374,y3278,MANY_SEATS_AVAILABLE,REVENUE,23,473,64458589
delay,,1734010944000000000,IN_TRANSIT_TO,15,499,y3278,MANY_SEATS_AVAILABLE,REVENUE,23,386,64458589
delay,,1734011065000000000,STOPPED_AT,16,481,y3278,FEW_SEATS_AVAILABLE,REVENUE,23,387,64458589
delay,,1734011187000000000,IN_TRANSIT_TO,18,513,y3278,FEW_SEATS_AVAILABLE,REVENUE,23,390,64458589
delay,,1734011308000000000,IN_TRANSIT_TO,18,609,y3278,FEW_SEATS_AVAILABLE,REVENUE,23,390,64458589
delay,,1734011430000000000,IN_TRANSIT_TO,19,683,y3278,FEW_SEATS_AVAILABLE,REVENUE,23,392,64458589
delay,,1734011673000000000,IN_TRANSIT_TO,24,565,y3278,FEW_SEATS_AVAILABLE,REVENUE,23,21151,64458589
delay,,1734011916000000000,IN_TRANSIT_TO,26,681,y3278,FEW_SEATS_AVAILABLE,REVENUE,23,1148,64458589
delay,,1734012038000000000,STOPPED_AT,26,768,y3278,FEW_SEATS_AVAILABLE,REVENUE,23,1148,64458589
delay,,1734012281000000000,STOPPED_AT,30,692,y3278,MANY_SEATS_AVAILABLE,REVENUE,23,1224,64458589
delay,,1734012402000000000,IN_TRANSIT_TO,31,726,y3278,MANY_SEATS_AVAILABLE,REVENUE,23,17861,64458589
delay,,1734012524000000000,STOPPED_AT,1,0,y3278,MANY_SEATS_AVAILABLE,REVENUE,23,17862,64460035
delay,,1734012645000000000,STOPPED_AT,1,0,y3278,MANY_SEATS_AVAILABLE,REVENUE,23,17862,64460035
delay,,1734012767000000000,STOPPED_AT,1,0,y3278,MANY_SEATS_AVAILABLE,REVENUE,23,17862,64460035
delay,,1734012889000000000,STOPPED_AT,1,0,y3278,MANY_SEATS_AVAILABLE,REVENUE,23,17862,64460035
delay,,1734013011000000000,STOPPED_AT,1,0,y3278,MANY_SEATS_AVAILABLE,REVENUE,23,17862,64460035
delay,,1734013132000000000,STOPPED_AT,1,0,y3278,MANY_SEATS_AVAILABLE,REVENUE,23,17862,64460035
delay,,1734013254000000000,STOPPED_AT,1,0,y3278,MANY_SEATS_AVAILABLE,REVENUE,23,17862,64460035
delay,,1734013375000000000,STOPPED_AT,1,0,y3278,MANY_SEATS_AVAILABLE,REVENUE,23,17862,64460035
delay,,1734013497000000000,STOPPED_AT,1,0,y3278,MANY_SEATS_AVAILABLE,REVENUE,23,17862,64460035
delay,,1734013618000000000,STOPPED_AT,1,0,y3278,MANY_SEATS_AVAILABLE,REVENUE,23,17862,64460035
delay,,1734013740000000000,STOPPED_AT,1,0,y3278,MANY_SEATS_AVAILABLE,REVENUE,23,17862,64460035
delay,,1734013861000000000,STOPPED_AT,1,68,y3278,MANY_SEATS_AVAILABLE,REVENUE,23,17862,64460035
delay,,1734013983000000000,STOPPED_AT,1,196,y3278,MANY_SEATS_AVAILABLE,REVENUE,23,17862,64460035
delay,,1734014104000000000,IN_TRANSIT_TO,2,173,y3278,MANY_SEATS_AVAILABLE,REVENUE,23,11257,64460035
delay,,1734014226000000000,IN_TRANSIT_TO,2,178,y3278,MANY_SEATS_AVAILABLE,REVENUE,23,11257,64460035
delay,,1734014469000000000,IN_TRANSIT_TO,5,110,y3278,FEW_SEATS_AVAILABLE,REVENUE,23,11259,64460035
delay,,1734014590000000000,IN_TRANSIT_TO,6,65,y3278,FEW_SEATS_AVAILABLE,REVENUE,23,64000,64460035
delay,,1734014833000000000,IN_TRANSIT_TO,7,223,y3278,FEW_SEATS_AVAILABLE,REVENUE,23,40001,64460035
delay,,1734014955000000000,IN_TRANSIT_TO,7,251,y3278,FEW_SEATS_AVAILABLE,REVENUE,23,40001,64460035
delay,,1734015076000000000,IN_TRANSIT_TO,9,186,y3278,FEW_SEATS_AVAILABLE,REVENUE,23,404,64460035
delay,,1734015684000000000,IN_TRANSIT_TO,16,400,y3278,FEW_SEATS_AVAILABLE,REVENUE,23,471,64460035
delay,,1734015805000000000,IN_TRANSIT_TO,16,506,y3278,FEW_SEATS_AVAILABLE,REVENUE,23,471,64460035
delay,,1734016049000000000,STOPPED_AT,19,453,y3278,FEW_SEATS_AVAILABLE,REVENUE,23,475,64460035
delay,,1734016170000000000,IN_TRANSIT_TO,20,427,y3278,FEW_SEATS_AVAILABLE,REVENUE,23,477,64460035
delay,,1734016292000000000,IN_TRANSIT_TO,21,457,y3278,FEW_SEATS_AVAILABLE,REVENUE,23,478,64460035
delay,,1734016535000000000,STOPPED_AT,23,501,y3278,FEW_SEATS_AVAILABLE,REVENUE,23,482,64460035
delay,,1734016778000000000,STOPPED_AT,25,539,y3278,FEW_SEATS_AVAILABLE,REVENUE,23,485,64460035
delay,,1734016900000000000,STOPPED_AT,26,575,y3278,MANY_SEATS_AVAILABLE,REVENUE,23,426,64460035
delay,,1734017021000000000,STOPPED_AT,28,506,y3278,FEW_SEATS_AVAILABLE,REVENUE,23,430,64460035
delay,,1734017143000000000,STOPPED_AT,1,0,y3278,FEW_SEATS_AVAILABLE,REVENUE,23,334,64458609
delay,,1734017264000000000,STOPPED_AT,1,0,y3278,FEW_SEATS_AVAILABLE,REVENUE,23,334,64458609
delay,,1734017386000000000,STOPPED_AT,1,0,y3278,FEW_SEATS_AVAILABLE,REVENUE,23,334,64458609
delay,,1734017507000000000,IN_TRANSIT_TO,2,67,y3278,FEW_SEATS_AVAILABLE,REVENUE,23,367,64458609
delay,,1734017629000000000,IN_TRANSIT_TO,2,154,y3278,FEW_SEATS_AVAILABLE,REVENUE,23,367,64458609
delay,,1734017750000000000,STOPPED_AT,3,143,y3278,FEW_SEATS_AVAILABLE,REVENUE,23,369,64458609
delay,,1734017872000000000,IN_TRANSIT_TO,5,156,y3278,FEW_SEATS_AVAILABLE,REVENUE,23,457,64458609
delay,,1734018115000000000,IN_TRANSIT_TO,7,171,y3278,FEW_SEATS_AVAILABLE,REVENUE,23,460,64458609
delay,,1734018237000000000,IN_TRANSIT_TO,9,181,y3278,FEW_SEATS_AVAILABLE,REVENUE,23,463,64458609
delay,,1734018358000000000,IN_TRANSIT_TO,10,235,y3278,FEW_SEATS_AVAILABLE,REVENUE,23,465,64458609
delay,,1734018480000000000,IN_TRANSIT_TO,11,269,y3278,FEW_SEATS_AVAILABLE,REVENUE,23,467,64458609
delay,,1734018601000000000,IN_TRANSIT_TO,11,362,y3278,FEW_SEATS_AVAILABLE,REVENUE,23,467,64458609
delay,,1734018723000000000,STOPPED_AT,11,467,y3278,FEW_SEATS_AVAILABLE,REVENUE,23,467,64458609
delay,,1734018844000000000,IN_TRANSIT_TO,12,542,y3278,FEW_SEATS_AVAILABLE,REVENUE,23,473,64458609
delay,,1734018966000000000,STOPPED_AT,13,581,y3278,FEW_SEATS_AVAILABLE,REVENUE,23,469,64458609
delay,,1734019087000000000,IN_TRANSIT_TO,15,616,y3278,FEW_SEATS_AVAILABLE,REVENUE,23,386,64458609
delay,,1734019209000000000,IN_TRANSIT_TO,15,663,y3278,FEW_SEATS_AVAILABLE,REVENUE,23,386,64458609
delay,,1734019452000000000,IN_TRANSIT_TO,18,671,y3278,FEW_SEATS_AVAILABLE,REVENUE,23,390,64458609
delay,,1734019573000000000,STOPPED_AT,19,705,y3278,FEW_SEATS_AVAILABLE,REVENUE,23,392,64458609
delay,,1734019695000000000,IN_TRANSIT_TO,22,646,y3278,FEW_SEATS_AVAILABLE,REVENUE,23,395,64458609
delay,,1734020059000000000,STOPPED_AT,25,669,y3278,FEW_SEATS_AVAILABLE,REVENUE,23,64000,64458609
delay,,1734020181000000000,IN_TRANSIT_TO,26,774,y3278,FEW_SEATS_AVAILABLE,REVENUE,23,1148,64458609
delay,,1734020302000000000,IN_TRANSIT_TO,26,866,y3278,FEW_SEATS_AVAILABLE,REVENUE,23,1148,64458609
delay,,1734020424000000000,STOPPED_AT,29,730,y3278,FEW_SEATS_AVAILABLE,REVENUE,23,21148,64458609
delay,,1734020546000000000,IN_TRANSIT_TO,31,727,y3278,FEW_SEATS_AVAILABLE,REVENUE,23,17861,64458609
delay,,1734034879000000000,STOPPED_AT,25,137,y1862,MANY_SEATS_AVAILABLE,REVENUE,23,64000,64462900
delay,,1734035001000000000,IN_TRANSIT_TO,26,181,y1862,MANY_SEATS_AVAILABLE,REVENUE,23,1148,64462900
delay,,1734035243000000000,STOPPED_AT,30,252,y1862,MANY_SEATS_AVAILABLE,REVENUE,23,1224,64462900
delay,,1734035365000000000,IN_TRANSIT_TO,31,272,y1862,MANY_SEATS_AVAILABLE,REVENUE,23,17861,64462900
delay,,1734035486000000000,STOPPED_AT,1,0,y1862,MANY_SEATS_AVAILABLE,REVENUE,23,17862,64464399
delay,,1734035608000000000,IN_TRANSIT_TO,2,0,y1862,MANY_SEATS_AVAILABLE,REVENUE,23,11257,64464399
delay,,1734035729000000000,IN_TRANSIT_TO,2,0,y1862,MANY_SEATS_AVAILABLE,REVENUE,23,11257,64464399
delay,,1734035851000000000,IN_TRANSIT_TO,4,0,y1862,MANY_SEATS_AVAILABLE,REVENUE,23,11323,64464399
delay,,1734035972000000000,STOPPED_AT,5,0,y1862,FEW_SEATS_AVAILABLE,REVENUE,23,11259,64464399
delay,,1734036093000000000,IN_TRANSIT_TO,6,8,y1862,FEW_SEATS_AVAILABLE,REVENUE,23,64000,64464399
delay,,1734036215000000000,IN_TRANSIT_TO,7,105,y1862,FEW_SEATS_AVAILABLE,REVENUE,23,40001,64464399
delay,,1734036336000000000,IN_TRANSIT_TO,7,81,y1862,FEW_SEATS_AVAILABLE,REVENUE,23,40001,64464399
delay,,1734036579000000000,IN_TRANSIT_TO,11,88,y1862,FEW_SEATS_AVAILABLE,REVENUE,23,406,64464399
delay,,1734036943000000000,STOPPED_AT,16,157,y1862,FEW_SEATS_AVAILABLE,REVENUE,23,471,64464399
delay,,1734037065000000000,IN_TRANSIT_TO,19,99,y1862,FEW_SEATS_AVAILABLE,REVENUE,23,475,64464399
delay,,1734037186000000000,IN_TRANSIT_TO,21,111,y1862,FEW_SEATS_AVAILABLE,REVENUE,23,478,64464399
delay,,1734037429000000000,IN_TRANSIT_TO,26,149,y1862,FEW_SEATS_AVAILABLE,REVENUE,23,426,64464399
delay,,1734037550000000000,STOPPED_AT,28,95,y1862,FEW_SEATS_AVAILABLE,REVENUE,23,430,64464399
delay,,1734037672000000000,STOPPED_AT,1,0,y1862,FEW_SEATS_AVAILABLE,REVENUE,23,334,64462907
delay,,1734037793000000000,STOPPED_AT,1,0,y1862,FEW_SEATS_AVAILABLE,REVENUE,23,334,64462907
delay,,1734037914000000000,IN_TRANSIT_TO,2,13,y1862,FEW_SEATS_AVAILABLE,REVENUE,23,367,64462907
delay,,1734038036000000000,IN_TRANSIT_TO,5,0,y1862,MANY_SEATS_AVAILABLE,REVENUE,23,457,64462907
delay,,1734038157000000000,STOPPED_AT,7,0,y1862,MANY_SEATS_AVAILABLE,REVENUE,23,460,64462907
delay,,1734038279000000000,STOPPED_AT,9,0,y1862,FEW_SEATS_AVAILABLE,REVENUE,23,463,64462907
delay,,1734038400000000000,STOPPED_AT,12,0,y1862,FEW_SEATS_AVAILABLE,REVENUE,23,473,64462907
delay,,1734038522000000000,IN_TRANSIT_TO,15,0,y1862,MANY_SEATS_AVAILABLE,REVENUE,23,386,64462907
delay,,1734038643000000000,IN_TRANSIT_TO,17,0,y1862,FEW_SEATS_AVAILABLE,REVENUE,23,388,64462907
delay,,1734038764000000000,STOPPED_AT,20,0,y1862,MANY_SEATS_AVAILABLE,REVENUE,23,393,64462907
delay,,1734038886000000000,STOPPED_AT,22,0,y1862,MANY_SEATS_AVAILABLE,REVENUE,23,395,64462907
delay,,1734039007000000000,IN_TRANSIT_TO,25,0,y1862,MANY_SEATS_AVAILABLE,REVENUE,23,64000,64462907
delay,,1734039129000000000,IN_TRANSIT_TO,26,8,y1862,MANY_SEATS_AVAILABLE,REVENUE,23,1148,64462907
delay,,1734039250000000000,STOPPED_AT,29,0,y1862,MANY_SEATS_AVAILABLE,REVENUE,23,21148,64462907
delay,,1734039371000000000,IN_TRANSIT_TO,31,23,y1862,MANY_SEATS_AVAILABLE,REVENUE,23,17861,64462907
delay,,1734039493000000000,STOPPED_AT,1,0,y1862,MANY_SEATS_AVAILABLE,REVENUE,23,17862,64464411
delay,,1734039614000000000,STOPPED_AT,1,0,y1862,MANY_SEATS_AVAILABLE,REVENUE,23,17862,64464411
delay,,1734039736000000000,STOPPED_AT,1,0,y1862,MANY_SEATS_AVAILABLE,REVENUE,23,17862,64464411
delay,,1734039857000000000,IN_TRANSIT_TO,2,0,y1862,MANY_SEATS_AVAILABLE,REVENUE,23,11257,64464411
delay,,1734039978000000000,IN_TRANSIT_TO,2,0,y1862,MANY_SEATS_AVAILABLE,REVENUE,23,11257,64464411
delay,,1734040100000000000,STOPPED_AT,5,0,y1862,MANY_SEATS_AVAILABLE,REVENUE,23,11259,64464411
delay,,1734040221000000000,STOPPED_AT,6,0,y1862,MANY_SEATS_AVAILABLE,REVENUE,23,64000,64464411
delay,,1734040342000000000,IN_TRANSIT_TO,7,0,y1862,FEW_SEATS_AVAILABLE,REVENUE,23,40001,64464411
delay,,1734040464000000000,STOPPED_AT,9,0,y1862,FEW_SEATS_AVAILABLE,REVENUE,23,404,64464411
delay,,1734040585000000000,STOPPED_AT,13,0,y1862,FEW_SEATS_AVAILABLE,REVENUE,23,410,64464411
delay,,1734040707000000000,IN_TRANSIT_TO,16,0,y1862,FEW_SEATS_AVAILABLE,REVENUE,23,471,64464411
delay,,1734040828000000000,STOPPED_AT,18,0,y1862,MANY_SEATS_AVAILABLE,REVENUE,23,468,64464411
delay,,1734040949000000000,IN_TRANSIT_TO,21,0,y1862,MANY_SEATS_AVAILABLE,REVENUE,23,478,64464411
delay,,1734041071000000000,STOPPED_AT,23,0,y1862,MANY_SEATS_AVAILABLE,REVENUE,23,482,64464411
delay,,1734041192000000000,IN_TRANSIT_TO,26,0,y1862,MANY_SEATS_AVAILABLE,REVENUE,23,426,64464411
delay,,1734041314000000000,STOPPED_AT,27,0,y1862,MANY_SEATS_AVAILABLE,REVENUE,23,428,64464411
delay,,1734053211000000000,STOPPED_AT,1,1144,y1918,MANY_SEATS_AVAILABLE,REVENUE,23,334,64462929
delay,,1734053332000000000,STOPPED_AT,1,1264,y1918,MANY_SEATS_AVAILABLE,REVENUE,23,334,64462929
delay,,1734053454000000000,STOPPED_AT,1,1385,y1918,MANY_SEATS_AVAILABLE,REVENUE,23,334,64462929
delay,,1734053575000000000,STOPPED_AT,1,1505,y1918,MANY_SEATS_AVAILABLE,REVENUE,23,334,64462929
delay,,1734053697000000000,STOPPED_AT,1,1625,y1918,MANY_SEATS_AVAILABLE,REVENUE,23,334,64462929
delay,,1734053818000000000,STOPPED_AT,1,1745,y1918,MANY_SEATS_AVAILABLE,REVENUE,23,334,64462929
delay,,1734053939000000000,STOPPED_AT,1,1865,y1918,MANY_SEATS_AVAILABLE,REVENUE,23,334,64462929
delay,,1734054061000000000,STOPPED_AT,1,1985,y1918,MANY_SEATS_AVAILABLE,REVENUE,23,334,64462929
delay,,1734054182000000000,STOPPED_AT,1,2148,y1918,MANY_SEATS_AVAILABLE,REVENUE,23,334,64462929
delay,,1734054303000000000,STOPPED_AT,1,2225,y1918,MANY_SEATS_AVAILABLE,REVENUE,23,334,64462929
delay,,1734054425000000000,STOPPED_AT,1,2346,y1918,MANY_SEATS_AVAILABLE,REVENUE,23,334,64462929
delay,,1734054546000000000,STOPPED_AT,1,2466,y1918,MANY_SEATS_AVAILABLE,REVENUE,23,334,64462929
delay,,1734054668000000000,STOPPED_AT,1,2586,y1918,MANY_SEATS_AVAILABLE,REVENUE,23,334,64462929
delay,,1734054789000000000,IN_TRANSIT_TO,2,2720,y1918,MANY_SEATS_AVAILABLE,REVENUE,23,367,64462929
delay,,1734054910000000000,IN_TRANSIT_TO,2,2844,y1918,MANY_SEATS_AVAILABLE,REVENUE,23,367,64462929
delay,,1734055032000000000,IN_TRANSIT_TO,2,2947,y1918,MANY_SEATS_AVAILABLE,REVENUE,23,367,64462929
delay,,1734055153000000000,STOPPED_AT,7,2820,y1918,MANY_SEATS_AVAILABLE,REVENUE,23,460,64462929
delay,,1734055275000000000,STOPPED_AT,12,2704,y1918,MANY_SEATS_AVAILABLE,REVENUE,23,473,64462929
delay,,1734055396000000000,IN_TRANSIT_TO,15,2624,y1918,MANY_SEATS_AVAILABLE,REVENUE,23,386,64462929
delay,,1734055517000000000,IN_TRANSIT_TO,21,2542,y1918,MANY_SEATS_AVAILABLE,REVENUE,23,394,64462929
delay,,1734055639000000000,STOPPED_AT,25,2463,y1918,MANY_SEATS_AVAILABLE,REVENUE,23,64000,64462929
delay,,1734055760000000000,IN_TRANSIT_TO,26,2535,y1918,MANY_SEATS_AVAILABLE,REVENUE,23,1148,64462929
delay,,1734055882000000000,IN_TRANSIT_TO,31,2536,y1918,MANY_SEATS_AVAILABLE,REVENUE,23,17861,64462929
